CO,O3,NO2,SO2,PM10,PM2.5,AQI
39,12,79,28,86,138,138
47,17,77,27,76,125,125
35,14,46,17,48,81,81
47,11,46,16,44,87,87
52,20,71,18,56,106,106
44,18,65,21,56,93,93
45,19,60,24,50,76,76
26,20,39,19,28,48,48
39,15,59,19,52,87,87
36,16,57,32,66,114,114
32,18,42,19,45,70,70
43,13,56,20,57,88,88
29,28,45,22,51,69,69
34,15,54,20,53,74,74
36,13,62,21,60,100,100
32,17,59,24,58,89,89
30,17,52,20,44,72,72
30,13,53,19,56,98,98
40,13,63,21,61,115,115
45,12,69,30,84,149,149
42,13,68,26,84,151,151
50,15,75,33,75,156,156
55,12,81,34,84,155,155
52,14,81,41,92,156,156
45,15,79,39,85,147,147
54,15,85,43,81,144,144
49,17,71,41,98,165,165
38,13,57,31,75,138,138
36,14,62,36,72,120,120
38,15,70,32,59,107,107
28,15,62,21,56,113,113
29,12,60,23,68,133,133
32,16,50,27,67,130,130
33,13,61,30,69,142,142
29,12,55,28,72,149,149
29,12,49,26,69,131,131
43,19,72,29,70,139,139
34,22,74,31,71,133,133
39,19,66,30,72,138,138
33,23,66,28,70,140,140
37,15,75,22,78,152,152
41,17,78,29,68,135,135
34,18,64,33,59,102,102
32,18,65,32,56,86,86
30,17,53,27,60,110,110
34,19,57,26,63,118,118
29,18,56,26,64,121,121
33,22,57,25,68,127,127
43,22,64,32,65,116,116
48,21,73,37,81,145,145
52,18,81,32,78,137,137
50,19,75,34,73,131,131
55,27,75,31,67,109,109
33,29,54,23,49,78,78
43,25,63,31,54,87,87
50,13,73,34,70,118,118
45,21,68,26,56,92,92
33,22,60,27,48,82,82
36,27,56,23,42,63,63
46,23,57,25,50,79,79
30,18,37,23,62,68,68
25,22,35,24,55,70,70
27,20,39,24,41,67,67
25,25,36,24,45,66,66
26,20,36,21,30,63,63
37,19,66,25,49,101,101
49,21,78,35,65,131,131
50,22,75,38,78,143,143
46,22,73,35,73,136,136
55,23,84,38,91,155,155
51,22,84,39,88,155,155
43,27,75,41,79,147,147
36,28,60,35,59,97,97
38,27,60,33,56,97,97
51,27,71,34,67,115,115
46,28,73,36,75,127,127
27,28,57,33,52,88,88
38,17,55,25,55,104,104
38,22,63,27,61,102,102
33,29,68,31,64,95,95
40,17,61,34,58,95,95
45,24,73,31,56,92,92
37,19,64,35,68,108,108
31,20,54,37,68,102,102
39,23,63,33,64,103,103
41,22,72,33,75,126,126
34,27,67,32,66,111,111
31,24,68,32,63,100,100
35,28,62,24,50,80,80
33,26,58,27,44,77,77
41,23,71,33,62,110,110
48,23,78,33,73,123,123
27,24,61,29,66,105,105
39,26,62,26,74,113,113
47,23,57,27,72,116,116
36,25,55,26,73,114,114
32,22,55,27,90,122,122
30,22,55,28,72,106,106
25,25,42,23,57,73,73
43,20,55,31,54,89,89
29,35,58,23,41,80,80
30,28,52,26,34,61,61
26,40,49,26,33,60,60
32,40,57,25,41,70,70
27,31,49,28,37,56,56
37,23,48,26,47,74,74
34,23,46,25,76,118,118
29,33,45,22,56,92,92
30,30,45,25,34,62,62
22,37,44,26,26,50,50
20,28,32,23,42,51,51
28,30,46,30,36,61,61
33,37,55,30,36,59,59
43,42,63,27,39,67,67
41,33,67,28,42,69,69
28,34,53,25,27,47,47
25,32,47,22,28,42,42
39,28,52,22,51,76,76
24,31,39,23,23,40,40
26,33,38,21,29,44,44
36,34,53,22,33,51,51
24,36,33,21,41,61,61
33,19,46,19,24,55,55
31,24,54,21,31,63,63
45,36,65,20,35,56,56
36,32,54,25,50,70,70
41,32,64,28,58,83,83
28,27,47,31,67,90,90
29,33,44,23,57,79,79
26,34,38,22,46,63,63
32,35,50,24,43,56,56
33,34,56,24,52,63,63
38,27,51,25,53,62,62
28,32,45,22,48,55,55
32,30,50,23,35,45,45
27,31,46,25,36,48,48
30,38,46,25,43,62,62
35,33,52,30,50,67,67
35,35,49,24,57,75,75
36,44,60,26,52,81,81
35,32,56,22,56,71,71
32,31,47,23,50,66,66
38,29,52,21,54,73,73
33,35,48,22,43,60,60
35,39,57,25,46,65,65
39,41,47,23,48,63,63
32,31,48,20,48,78,78
37,32,53,23,60,82,82
32,33,53,22,52,66,66
36,36,50,23,43,60,60
40,38,48,23,49,73,73
30,36,48,23,44,65,65
31,38,50,21,42,58,58
31,42,48,22,52,71,71
29,38,47,24,51,65,65
34,39,50,25,49,74,74
29,38,50,24,52,74,74
35,39,42,23,47,72,72
38,42,56,25,48,69,69
33,44,56,25,65,93,93
33,36,51,23,55,78,78
45,35,60,22,50,71,71
24,39,44,20,60,66,66
23,47,42,22,46,65,65
28,33,47,21,45,67,67
34,42,55,23,50,78,78
29,45,52,23,54,69,69
35,46,53,24,53,66,66
24,37,38,20,45,55,55
30,30,46,19,40,68,68
32,33,55,22,46,82,82
39,36,59,23,43,71,71
33,40,56,19,44,65,65
34,36,60,19,47,69,69
36,43,61,21,48,74,74
44,37,60,23,40,65,65
27,42,47,20,45,65,65
25,44,51,23,44,57,57
33,42,49,20,47,70,70
35,39,59,22,56,88,88
36,46,56,25,52,75,75
31,37,62,24,53,80,80
33,33,56,23,71,100,100
34,31,51,22,73,106,106
26,38,38,19,69,95,95
35,36,44,20,54,81,81
36,36,42,24,85,97,97
49,34,62,27,103,125,125
38,28,59,26,80,122,122
41,36,58,23,62,110,110
39,37,51,27,64,102,102
35,30,52,25,66,115,115
30,42,52,23,68,109,109
33,30,44,22,59,89,89
41,40,51,22,66,93,93
36,42,60,23,50,82,82
28,38,47,22,60,80,80
33,32,50,26,52,89,89
32,35,46,22,60,89,89
36,43,52,22,50,82,82
32,47,50,20,51,84,84
40,37,59,21,52,84,84
33,39,59,22,48,76,76
41,36,62,22,62,110,110
31,37,51,21,100,127,127
30,33,54,17,58,92,92
31,30,45,17,61,102,102
47,44,58,22,62,105,105
37,36,61,21,59,97,97
35,37,61,20,55,102,102
32,33,52,21,189,190,190
33,30,43,23,82,117,117
30,36,43,22,92,117,117
23,36,34,17,47,69,69
32,33,45,21,44,70,70
37,35,42,19,46,73,73
41,32,53,21,47,76,76
37,31,47,24,53,75,75
33,31,51,26,54,89,89
43,35,57,25,70,107,107
43,43,54,22,72,105,105
36,50,53,23,71,100,100
36,36,58,25,65,99,99
32,30,53,18,55,80,80
36,32,53,19,60,77,77
42,35,53,19,68,90,90
47,46,60,28,58,92,92
52,43,72,21,61,96,96
57,49,73,21,57,87,87
51,38,66,21,54,83,83
52,45,73,20,65,115,115
53,52,75,23,79,102,102
44,42,68,22,107,128,128
46,48,81,23,99,129,129
54,44,59,21,84,120,120
49,32,59,20,68,102,102
50,43,57,23,62,83,83
49,32,67,19,72,99,99
35,47,62,26,142,151,151
32,44,49,24,119,133,133
35,52,45,26,75,101,101
45,40,43,26,64,93,93
45,40,57,20,58,88,88
39,40,54,22,62,87,87
42,34,59,23,65,83,83
49,36,65,22,94,125,125
48,35,71,21,69,106,106
56,43,76,24,74,115,115
55,47,64,24,85,129,129
42,42,52,21,76,99,99
35,33,51,22,83,95,95
42,34,52,23,63,81,81
59,43,67,25,78,102,102
56,50,76,25,81,114,114
59,44,71,31,91,127,127
38,46,57,28,104,133,133
33,49,48,24,62,103,103
38,42,54,28,52,74,74
53,42,69,28,59,93,93
53,41,75,29,63,90,90
45,60,61,26,70,96,96
35,43,59,26,53,77,77
34,48,54,24,52,77,77
47,51,62,28,53,79,79
42,40,56,25,58,85,85
34,40,57,22,59,72,72
37,44,61,25,59,83,83
46,41,66,27,60,94,94
41,49,60,25,57,90,90
57,49,66,31,60,94,94
49,46,65,24,51,85,85
45,38,71,24,62,92,92
42,42,69,26,65,96,96
41,41,66,26,62,91,91
42,39,58,24,62,90,90
49,40,63,29,65,86,86
53,36,61,30,58,83,83
50,44,60,31,91,96,96
48,40,64,29,73,99,99
50,47,64,27,71,97,97
50,50,68,29,68,97,97
54,42,74,23,64,96,96
53,44,68,24,68,102,102
40,42,60,29,63,93,93
44,41,59,22,56,77,77
46,40,57,24,59,84,84
46,35,62,25,52,79,79
44,37,63,20,59,81,81
64,40,70,25,65,98,98
46,40,61,25,67,101,101
55,50,67,27,65,105,105
52,43,60,24,78,118,118
53,37,67,23,92,133,133
59,47,77,28,66,106,106
61,38,61,23,70,105,105
33,37,50,24,69,92,92
63,37,68,26,66,94,94
54,32,48,23,67,106,106
36,31,56,22,69,96,96
60,38,71,26,77,120,120
55,49,73,23,73,111,111
60,40,74,27,65,101,101
60,37,69,27,73,111,111
55,37,72,26,81,125,125
58,33,63,25,114,146,146
34,33,50,24,99,146,146
49,32,49,20,73,100,100
41,37,60,22,58,85,85
55,34,61,28,60,91,91
32,35,44,20,123,142,142
27,28,41,19,76,114,114
32,26,43,20,67,62,67
41,32,53,25,57,82,82
35,28,57,24,57,83,83
34,28,54,23,53,76,76
58,22,70,21,56,93,93
54,27,70,21,61,99,99
70,24,72,23,67,99,99
37,26,60,19,47,65,65
29,28,51,19,34,45,45
31,27,47,19,35,46,46
46,28,60,20,55,80,80
54,19,53,21,62,95,95
38,23,46,19,39,60,60
58,32,68,21,62,106,106
77,33,76,29,78,133,133
57,32,69,23,56,82,82
58,35,68,24,58,82,82
44,30,55,24,63,88,88
38,23,55,24,54,77,77
37,23,49,25,48,71,71
35,23,45,24,46,68,68
43,27,51,24,50,76,76
29,25,42,23,40,60,60
40,22,51,22,41,72,72
50,32,56,21,36,49,50
41,21,45,23,19,41,41
35,22,40,23,23,45,45
39,21,58,18,37,57,57
50,24,70,23,53,89,89
51,25,75,24,49,80,80
51,25,68,31,60,103,103
56,25,70,26,62,116,116
40,30,67,22,47,84,84
43,30,68,26,55,97,97
42,27,68,29,61,111,111
52,28,71,30,66,124,124
58,31,80,25,61,109,109
60,21,81,36,80,142,142
64,30,80,33,79,138,138
52,23,77,28,70,117,117
38,21,58,26,66,106,106
41,26,55,26,60,107,107
47,27,57,25,56,103,103
42,34,57,24,52,89,89
44,22,57,23,46,84,84
46,29,60,22,40,69,69
31,33,58,25,44,77,77
36,15,48,24,28,55,55
58,22,63,23,57,105,105
32,22,53,21,36,69,69
44,27,61,19,27,50,50
40,27,59,23,41,73,73
43,28,62,31,44,83,83
40,24,59,28,50,98,98
40,24,55,27,34,63,63
38,22,50,28,45,70,70
35,22,45,30,56,83,83
46,22,65,35,57,94,94
36,17,67,40,67,118,118
35,21,52,35,52,84,84
46,23,74,33,56,95,95
47,15,70,35,72,128,128
55,12,78,34,87,144,144
43,21,72,26,58,100,100
47,25,63,29,54,97,97
58,26,74,31,66,124,124
55,23,78,36,71,126,126
43,22,66,34,61,105,105
46,15,67,28,62,117,117
38,19,58,26,56,104,104
50,12,75,39,66,112,112
50,17,73,35,79,134,134
45,13,71,25,52,99,99
48,12,73,22,48,97,97
45,15,76,30,62,115,115
33,20,60,26,46,93,93
44,24,68,25,40,68,68
53,15,74,30,58,102,102
58,18,86,29,59,110,110
57,11,84,37,89,152,152
52,16,84,36,84,146,146
44,16,69,28,70,122,122
47,19,73,30,68,119,119
56,18,79,34,72,132,132
45,18,74,32,67,120,120
51,19,67,30,59,101,101
43,27,58,24,48,71,71
41,25,59,24,43,68,68
53,27,71,26,49,80,80
47,21,76,32,67,113,113
43,21,72,27,65,104,104
28,23,47,21,60,95,95
36,23,48,29,46,70,70
41,21,57,25,53,87,87
34,24,59,30,48,80,80
62,21,79,34,66,110,110
61,17,84,45,83,144,144
52,15,80,42,88,145,145
44,20,65,30,64,102,102
50,22,76,32,56,99,99
38,22,64,33,55,90,90
33,23,52,27,40,72,72
38,21,57,31,52,92,92
48,17,73,39,73,135,135
50,16,97,42,73,133,133
38,14,84,41,68,116,116
31,23,53,27,50,81,81
40,20,61,28,46,87,87
45,23,74,32,61,106,106
36,19,70,41,62,112,112
53,17,79,37,77,137,137
41,17,75,37,72,124,124
43,21,75,33,60,112,112
32,26,51,25,34,68,68
39,25,55,28,39,59,59
40,21,64,32,52,89,89
55,22,84,37,69,124,124
51,25,80,35,73,129,129
57,28,84,37,82,130,130
37,30,54,21,42,61,61
45,27,66,28,43,71,71
55,25,74,33,58,97,97
47,18,60,32,47,71,71
43,19,65,31,86,128,128
44,13,50,20,50,80,80
36,15,46,19,45,65,65
34,28,45,18,66,95,95
42,34,60,22,73,106,106
39,24,60,25,89,123,123
37,31,58,25,66,98,98
36,27,57,24,54,88,88
37,28,65,24,76,115,115
29,28,48,21,35,59,59
34,26,53,23,40,72,72
31,23,45,21,23,45,45
37,29,52,21,50,70,70
36,23,55,22,52,80,80
37,24,61,25,60,86,86
32,21,60,28,55,90,90
33,18,57,28,51,90,90
36,19,55,20,46,84,84
39,28,70,30,55,97,97
44,34,75,32,65,116,116
33,35,71,29,59,99,99
29,32,60,26,44,71,71
27,31,53,25,36,53,53
29,28,54,24,32,50,50
26,27,46,20,41,48,48
38,26,62,29,68,90,90
46,24,77,42,71,118,118
44,24,78,35,68,111,111
28,26,54,21,157,150,157
29,17,60,20,40,71,71
38,21,77,28,70,126,126
43,28,88,33,74,132,132
50,30,85,28,58,106,106
43,30,83,34,63,109,109
29,32,61,24,34,59,59
36,31,65,25,38,66,66
34,29,66,26,56,103,103
36,29,66,22,49,79,79
26,28,48,22,39,65,65
48,20,56,19,34,61,61
24,27,51,20,31,51,51
29,30,45,18,14,29,30
28,30,52,20,18,29,30
30,29,60,27,30,53,53
24,29,49,17,20,33,33
31,28,53,19,22,43,43
36,36,63,23,31,61,61
44,37,69,25,39,71,71
35,39,65,23,33,55,55
31,27,52,20,28,51,51
26,29,47,17,19,28,30
37,32,64,24,23,45,45
39,39,65,21,26,48,48
39,32,64,21,34,57,57
32,37,56,22,27,41,41
40,32,60,23,39,51,51
37,30,65,24,43,61,61
38,34,59,22,39,50,50
35,33,55,21,43,59,59
45,33,66,22,48,69,69
28,32,47,20,51,70,70
32,20,48,22,30,58,58
36,18,53,23,56,84,84
23,33,45,24,52,58,58
25,30,51,25,29,43,43
37,31,62,21,38,51,51
40,24,61,21,69,109,109
28,37,58,23,86,120,120
34,36,60,22,63,101,101
32,34,58,22,44,62,62
35,33,63,22,51,69,69
43,31,57,22,74,100,100
26,32,48,21,104,131,131
34,30,56,20,69,105,105
23,34,49,19,79,109,109
27,36,53,19,46,56,56
34,31,67,22,45,63,63
40,34,69,22,49,67,67
35,32,62,23,55,85,85
36,32,61,22,63,92,92
51,31,61,24,79,120,120
43,33,52,20,73,110,110
36,28,56,20,62,91,91
35,31,66,20,42,60,60
39,33,70,21,36,51,51
28,31,58,23,53,80,80
34,34,62,23,45,76,76
31,31,57,20,36,55,55
41,35,63,26,36,60,60
27,36,49,24,52,76,76
30,36,57,26,46,67,67
28,32,46,24,45,68,68
43,37,65,26,59,82,82
40,37,55,24,63,96,96
27,27,43,22,75,114,114
26,27,47,16,62,87,87
29,43,54,21,41,58,58
36,48,73,25,52,77,77
35,39,62,23,43,65,65
37,32,65,23,50,70,70
42,35,62,24,75,104,104
32,37,59,20,63,84,84
27,43,56,22,47,70,70
29,27,56,21,46,72,72
38,37,61,24,52,83,83
38,41,59,23,51,75,75
34,38,65,21,48,74,74
29,29,52,21,60,84,84
36,37,51,22,68,98,98
30,25,39,19,107,144,144
31,30,44,20,54,90,90
34,38,55,21,60,91,91
38,38,50,23,65,100,100
24,28,42,21,76,106,106
23,30,36,23,64,91,91
34,35,47,22,51,78,78
27,28,46,20,56,78,78
34,31,54,24,55,84,84
34,32,50,24,130,162,162
35,43,57,23,92,132,132
30,27,47,22,83,120,120
29,44,48,22,66,105,105
28,37,42,21,61,95,95
53,36,53,23,62,95,95
32,50,57,25,103,140,140
41,54,57,23,90,133,133
35,33,48,24,106,146,146
42,46,59,23,95,131,131
37,43,62,23,66,102,102
32,41,47,22,57,91,91
43,45,58,22,45,78,78
35,62,68,22,54,82,82
51,54,66,25,68,107,107
46,65,66,26,84,125,125
36,62,54,22,72,112,112
37,48,47,21,64,103,103
32,39,42,23,57,85,85
43,46,52,23,73,107,107
38,48,61,23,84,127,127
45,53,72,26,78,121,121
42,52,70,24,80,124,124
42,35,65,27,80,117,117
40,40,66,27,74,107,107
50,47,52,25,59,86,86
46,38,58,23,60,83,83
32,49,62,23,96,130,130
43,55,66,23,70,103,103
34,39,67,25,62,96,96
37,48,65,25,59,88,88
49,46,64,25,60,91,91
39,47,58,25,54,77,77
38,49,59,26,57,77,77
34,52,59,24,57,77,77
41,50,71,27,58,85,85
53,45,79,29,59,85,85
43,43,69,25,60,83,83
36,46,71,24,65,85,85
35,54,66,24,91,103,103
28,50,59,24,89,114,114
27,40,48,26,109,127,127
29,37,54,24,82,111,111
26,52,55,25,77,92,92
34,52,69,27,60,80,80
35,62,69,26,55,73,73
35,67,63,25,64,79,79
37,66,65,29,47,73,73
37,52,72,22,52,71,71
40,46,69,25,50,77,77
33,66,68,23,47,71,71
55,45,71,24,52,82,82
35,64,72,25,52,76,76
35,53,63,25,49,73,73
44,62,78,27,48,75,75
44,74,78,25,53,83,83
34,69,74,23,54,75,75
27,49,58,23,51,67,67
39,53,68,24,53,77,77
32,65,68,25,49,73,73
34,68,76,24,50,73,73
32,44,62,26,46,68,68
39,36,61,26,68,91,91
33,46,56,25,154,146,154
28,38,53,23,64,80,80
42,53,72,25,58,79,79
40,66,74,27,59,84,84
42,61,78,24,56,78,78
44,67,75,28,52,72,72
51,59,77,26,59,87,87
43,47,71,27,52,72,72
41,57,77,28,53,68,68
43,49,74,29,61,81,81
48,47,74,32,63,86,86
44,48,69,30,60,79,79
43,55,65,28,76,98,98
45,52,69,26,89,114,114
45,47,65,24,72,99,99
47,40,68,26,73,99,99
31,47,66,22,107,111,111
43,44,63,26,76,93,93
34,42,56,22,72,86,86
38,41,61,24,58,80,80
34,39,58,23,57,80,80
39,39,59,25,61,79,79
28,35,56,23,252,187,252
29,34,55,24,74,93,93
33,46,58,22,64,84,84
44,43,60,21,60,85,85
42,55,65,24,54,77,77
50,52,69,25,61,83,83
29,39,61,25,53,70,70
31,42,59,25,76,95,95
35,41,60,25,64,89,89
31,44,55,25,57,83,83
38,42,58,24,56,83,83
39,52,72,24,53,84,84
33,50,59,23,49,76,76
32,40,53,24,50,65,65
36,40,58,26,65,79,79
28,41,52,24,58,84,84
29,41,56,25,52,75,75
25,48,45,25,54,74,74
29,42,42,27,37,58,58
35,32,52,26,42,65,65
40,39,66,30,60,93,93
50,53,75,30,64,99,99
64,53,77,27,67,101,101
68,49,81,25,65,90,90
48,43,60,24,49,68,68
40,34,59,27,46,66,66
36,31,57,26,49,71,71
35,30,57,25,50,66,66
35,33,62,26,50,73,73
42,31,56,26,54,70,70
54,31,64,28,67,91,91
33,28,50,22,53,84,84
53,33,64,23,52,81,81
35,39,61,24,75,95,95
27,23,58,24,68,91,91
48,27,55,24,61,85,85
53,31,68,24,64,97,97
42,23,60,25,79,107,107
41,25,46,21,82,111,111
46,23,51,23,51,72,72
42,27,58,23,50,71,71
52,29,65,23,51,78,78
54,31,73,23,57,84,84
55,38,80,23,60,94,94
54,29,71,24,58,85,85
37,19,55,18,52,66,66
43,23,47,21,70,87,87
33,18,41,20,33,59,59
41,25,53,20,51,95,95
48,39,64,19,66,114,114
38,32,55,23,51,84,84
54,23,59,20,57,81,81
29,15,51,18,47,80,80
35,28,43,19,48,78,78
47,38,52,21,46,75,75
58,34,64,22,70,116,116
50,36,70,23,68,109,109
32,26,53,24,52,75,75
41,14,59,17,54,80,80
37,13,41,15,41,74,74
33,24,55,18,42,76,76
34,21,45,19,40,61,61
29,18,32,19,26,54,54
33,15,38,21,23,52,52
35,18,54,22,45,95,95
50,25,69,25,69,125,125
41,24,67,26,70,132,132
43,22,67,27,77,146,146
32,32,50,24,57,118,118
33,28,43,23,57,109,109
40,25,40,21,31,56,56
35,25,42,22,29,49,49
32,23,40,18,22,34,34
41,19,44,21,35,59,59
48,24,56,23,47,77,77
39,24,50,21,43,64,64
52,22,61,24,60,88,88
52,25,64,29,70,111,111
54,7,70,31,77,126,126
37,15,54,19,44,77,77
32,23,55,16,33,55,55
43,29,51,20,36,62,62
46,26,64,24,53,98,98
64,19,86,29,74,130,130
64,27,79,28,73,130,130
57,18,74,27,69,124,124
56,16,74,28,66,125,125
54,19,73,29,71,134,134
47,25,71,25,57,107,107
60,20,67,33,65,126,126
47,25,63,24,56,105,105
51,24,56,25,54,82,82
40,13,59,18,39,67,67
41,8,50,16,20,41,41
42,19,58,18,43,77,77
41,24,43,20,33,42,42
32,24,51,23,43,79,79
42,15,49,24,32,73,73
46,19,57,20,40,81,81
49,14,69,27,79,138,138
32,23,60,26,63,125,125
23,10,38,21,46,98,98
26,10,35,20,53,103,103
36,19,49,26,65,143,143
39,22,66,27,86,162,162
39,17,61,20,67,143,143
45,21,67,24,54,110,110
42,29,60,28,69,125,125
38,13,57,28,87,148,148
36,31,52,26,66,142,142
42,25,62,28,71,141,141
37,32,45,25,66,134,134
39,25,60,25,61,124,124
49,25,67,32,75,139,139
34,24,66,34,73,144,144
36,26,58,31,74,132,132
38,27,63,29,73,132,132
41,27,65,29,69,137,137
46,24,70,26,68,133,133
48,13,75,33,86,157,157
49,31,67,32,82,160,160
41,15,71,25,60,113,113
45,19,63,26,56,96,96
29,27,50,26,30,58,58
28,26,44,20,30,44,44
29,30,44,25,24,43,43
47,23,67,30,49,87,87
33,24,66,26,39,71,71
38,18,64,24,50,68,68
51,20,77,28,61,107,107
40,15,69,25,55,100,100
34,24,56,20,22,53,53
43,23,64,21,41,70,70
48,18,70,28,61,110,110
47,14,78,29,85,149,149
51,17,77,27,73,127,127
67,17,76,30,75,130,130
54,21,70,24,62,119,119
40,21,67,24,63,102,102
47,25,70,25,65,118,118
47,21,71,24,59,108,108
57,20,82,26,68,114,114
53,28,86,26,63,106,106
52,26,74,26,57,95,95
45,22,70,26,50,86,86
34,17,55,20,25,45,45
33,20,58,19,46,70,70
27,26,51,20,26,40,40
34,25,58,19,31,48,48
33,24,57,19,34,56,56
29,20,55,21,32,56,56
43,19,74,24,47,83,83
40,23,73,35,63,118,118
36,23,66,29,54,97,97
46,25,69,26,59,101,101
38,21,72,27,61,106,106
42,24,63,20,38,69,69
57,23,73,24,61,105,105
61,28,85,27,72,131,131
47,25,92,34,81,144,144
38,21,52,18,46,67,67
37,17,53,17,39,59,59
34,22,54,19,42,68,68
31,26,48,20,49,76,76
38,24,56,20,58,91,91
45,25,71,30,70,120,120
52,28,73,33,79,135,135
46,21,72,33,74,127,127
52,31,72,32,68,119,119
42,27,64,23,46,79,79
35,25,53,24,58,77,77
36,22,56,26,61,99,99
42,27,53,24,50,74,74
34,31,58,21,83,89,89
41,37,60,21,128,131,131
44,31,67,23,85,111,111
32,33,53,24,66,88,88
29,35,46,21,33,54,54
44,33,59,23,46,81,81
46,39,65,28,56,101,101
48,38,65,24,58,82,82
36,26,60,23,54,79,79
34,24,53,19,49,66,66
31,29,50,20,60,83,83
36,32,55,19,57,94,94
41,34,59,20,58,100,100
42,30,63,23,57,91,91
41,29,56,24,85,118,118
35,32,55,21,62,92,92
33,33,52,19,48,58,58
43,29,59,23,43,68,68
43,31,64,24,57,83,83
47,33,69,21,54,82,82
25,33,50,21,46,63,63
38,24,54,19,54,81,81
36,31,55,21,54,68,68
32,28,57,21,44,63,63
30,27,51,21,127,148,148
26,25,45,18,77,102,102
30,17,47,16,21,40,40
27,22,39,17,27,42,42
25,25,39,18,19,35,35
28,21,41,18,30,46,46
28,25,40,16,51,79,79
31,24,44,18,24,53,53
34,22,52,16,22,44,44
35,26,56,18,35,63,63
32,31,51,20,50,70,70
29,19,47,17,30,56,56
34,22,49,18,25,49,49
29,37,45,15,49,83,83
27,32,41,20,23,35,35
33,34,45,17,23,33,36
30,30,46,17,22,44,44
32,21,47,19,25,54,54
35,33,59,24,31,53,53
32,32,67,22,37,61,61
33,30,63,19,41,59,59
40,29,63,21,45,77,77
37,34,65,17,53,85,85
34,28,67,17,51,74,74
25,35,55,19,38,60,60
34,30,69,20,44,75,75
31,37,63,21,41,73,73
35,26,68,21,54,88,88
39,22,60,21,44,71,71
30,17,53,18,42,69,69
28,43,66,13,47,69,69
31,46,60,18,34,44,46
25,37,57,21,26,35,37
28,38,51,21,30,44,44
30,37,56,22,39,67,67
34,43,61,20,33,43,43
38,39,62,19,39,60,60
48,40,60,18,38,60,60
28,36,51,18,52,62,62
32,36,58,19,53,75,75
27,35,60,17,53,71,71
32,35,60,18,62,82,82
34,34,67,22,75,97,97
40,32,57,15,58,73,73
27,30,60,17,62,75,75
26,44,55,20,59,89,89
28,31,57,19,44,64,64
27,39,57,24,50,66,66
28,27,51,24,57,75,75
32,37,60,23,52,69,69
32,37,54,22,60,85,85
26,32,45,20,50,70,70
32,30,55,22,45,66,66
30,30,50,23,52,78,78
38,30,62,24,54,77,77
34,33,63,24,49,67,67
28,39,58,21,45,56,56
35,35,55,22,47,71,71
29,31,53,16,46,61,61
34,34,58,25,47,64,64
30,45,62,22,54,78,78
32,47,65,22,58,79,79
26,52,52,22,61,84,84
28,38,51,21,62,80,80
24,36,44,17,64,83,83
25,32,41,16,60,76,76
26,32,47,19,61,77,77
28,30,48,15,60,73,73
30,47,59,20,57,72,72
27,36,52,19,49,68,68
27,34,53,19,54,75,75
24,45,50,18,67,84,84
40,60,61,21,59,84,84
31,53,54,23,52,74,74
35,38,57,22,55,70,70
26,49,61,17,49,63,63
29,37,54,18,47,58,58
26,45,52,18,46,60,60
28,33,52,16,49,63,63
27,48,51,18,55,69,69
32,52,54,22,36,67,67
40,50,70,21,72,106,106
32,37,61,19,89,118,118
33,33,59,19,135,146,146
30,35,61,18,71,94,94
33,43,71,19,81,107,107
41,49,65,18,88,116,116
30,43,54,18,72,103,103
31,38,74,19,62,87,87
30,44,67,18,57,74,74
30,45,57,19,46,68,68
37,128,81,22,58,92,128
43,79,77,15,56,81,92
28,39,54,14,44,63,63
38,45,72,17,78,100,100
35,65,76,18,80,101,101
37,41,66,18,70,104,104
32,42,61,17,67,85,85
33,46,58,19,62,86,86
29,35,55,16,58,85,85
32,62,61,16,56,86,86
46,70,68,18,50,81,81
36,51,70,19,58,90,90
34,53,75,17,64,92,92
36,88,68,18,50,80,88
46,58,69,18,56,82,82
52,60,80,20,62,93,93
49,67,84,19,56,84,84
53,59,78,17,60,87,87
42,54,77,18,89,110,110
36,74,73,19,92,114,114
36,61,70,19,82,104,104
37,87,77,20,71,96,96
31,58,56,15,61,82,82
36,80,66,17,66,91,91
41,66,73,18,68,94,94
32,54,62,19,75,102,102
33,43,70,19,62,81,81
39,31,71,22,72,97,97
34,43,66,19,83,100,100
33,39,71,16,78,101,101
31,48,56,17,57,71,71
43,66,71,19,57,73,73
52,63,82,18,57,80,80
31,53,70,18,59,77,77
45,73,79,20,59,84,84
53,67,95,22,64,94,94
39,51,78,16,79,97,97
52,87,87,20,74,100,100
51,61,81,19,67,91,91
42,38,74,18,66,83,83
40,36,70,19,63,82,82
51,48,71,20,81,109,109
39,79,68,20,91,112,112
40,62,68,14,82,108,108
43,54,58,14,71,94,94
33,66,54,13,79,91,91
33,58,60,16,60,83,83
40,66,75,18,65,89,89
46,60,73,20,65,95,95
29,50,66,20,64,87,87
33,56,76,19,58,85,85
32,67,71,16,56,82,82
39,56,77,20,51,76,76
39,65,85,19,58,82,82
46,56,81,20,59,84,84
46,62,84,20,60,82,82
52,63,84,22,63,92,92
46,67,88,20,67,90,90
48,67,80,18,63,85,85
43,55,83,18,58,85,85
42,43,80,20,61,87,87
51,50,80,21,67,95,95
32,48,76,18,65,94,94
38,44,77,20,60,83,83
40,48,75,21,63,83,83
44,46,71,19,62,85,85
49,57,72,20,54,81,81
41,53,86,20,63,93,93
33,55,80,19,64,89,89
34,56,80,20,63,87,87
39,56,80,20,60,85,85
43,60,81,20,68,93,93
48,61,78,20,64,90,90
51,67,81,22,63,88,88
42,69,74,21,69,94,94
49,48,86,22,76,99,99
45,37,81,21,73,96,96
47,46,81,22,71,98,98
41,47,76,23,79,101,101
30,41,70,20,70,92,92
34,48,63,17,114,124,124
46,50,72,22,80,107,107
53,43,75,19,79,103,103
45,43,71,22,67,85,85
48,57,88,27,75,103,103
32,44,57,18,123,119,123
30,38,61,18,75,84,84
41,46,67,22,60,78,78
36,60,71,22,72,98,98
47,55,72,20,78,94,94
36,51,63,20,69,86,86
38,43,63,22,67,86,86
50,48,70,25,72,94,94
33,32,58,12,84,89,89
45,31,63,22,67,89,89
43,34,58,22,62,88,88
37,34,64,20,51,65,65
54,47,76,22,57,80,80
48,68,83,23,60,85,85
51,40,80,22,62,84,84
62,38,76,20,59,75,75
61,41,78,18,60,82,82
45,38,78,18,69,91,91
54,39,78,19,64,80,80
52,38,78,20,58,81,81
53,32,78,21,84,110,110
53,32,72,17,80,98,98
35,28,53,15,122,106,122
33,38,62,20,60,76,76
32,32,55,21,67,76,76
36,26,71,22,61,77,77
50,36,74,22,68,95,95
47,40,72,20,72,97,97
51,39,81,20,73,94,94
62,34,77,21,70,91,91
54,42,78,20,66,92,92
58,48,84,23,70,95,95
57,44,78,21,61,83,83
48,37,72,21,59,75,75
47,44,67,20,53,71,71
56,50,70,24,53,71,71
46,48,72,22,65,87,87
48,41,69,23,60,80,80
47,23,66,23,77,96,96
46,29,65,22,69,90,90
46,36,64,24,76,97,97
37,20,65,23,77,95,95
42,30,69,24,76,96,96
43,41,63,22,70,94,94
37,42,55,21,63,80,80
42,35,59,24,58,83,83
40,37,63,24,63,85,85
39,40,64,23,57,78,78
32,30,56,22,46,65,65
41,24,75,25,66,85,85
80,28,76,27,77,110,110
53,38,73,28,78,116,116
46,31,72,25,75,116,116
59,37,73,24,77,110,110
45,30,54,19,67,89,89
38,34,57,21,73,99,99
29,29,48,16,64,69,69
46,24,61,20,60,86,86
52,26,83,25,72,106,106
38,28,80,21,65,99,99
32,29,56,19,44,66,66
35,26,62,19,43,70,70
45,26,76,20,63,107,107
50,26,85,22,75,123,123
60,30,88,26,74,120,120
65,32,88,28,79,136,136
72,34,104,27,98,156,156
64,36,100,31,97,155,155
59,27,103,29,94,146,146
67,26,96,33,107,154,154
54,35,96,30,128,140,140
60,20,90,28,87,124,124
48,23,79,24,69,102,102
32,19,56,18,62,70,70
31,18,48,17,28,50,50
32,22,46,19,31,53,53
38,23,49,23,34,54,54
31,22,50,19,38,49,49
30,19,49,20,46,70,70
38,22,67,29,55,94,94
40,17,71,36,69,126,126
42,13,81,39,76,126,126
63,19,91,30,77,139,139
69,14,103,35,94,152,152
54,19,98,40,91,151,151
54,13,87,27,74,126,126
60,15,77,20,42,75,75
52,26,74,21,47,64,64
61,21,88,25,63,99,99
40,14,94,26,63,108,108
45,19,77,19,52,83,83
58,13,95,24,60,106,106
34,15,84,20,46,72,72
38,19,64,22,43,78,78
47,16,83,28,74,131,131
37,23,69,19,42,66,66
50,16,77,25,59,103,103
50,19,83,37,79,135,135
42,25,86,38,74,122,122
34,21,58,18,42,60,60
39,28,63,18,33,49,49
32,33,56,19,30,47,47
37,26,56,22,41,65,65
31,17,53,25,42,65,65
32,17,64,23,55,100,100
45,18,79,24,68,126,126
50,15,85,29,87,153,153
43,16,84,30,86,154,154
37,13,73,27,79,143,143
45,7,63,20,67,138,138
69,16,86,21,83,142,142
38,14,64,16,43,94,94
48,11,84,18,51,93,93
50,15,88,22,72,124,124
42,14,92,27,81,141,141
50,15,87,28,92,151,151
37,16,77,25,85,142,142
28,29,59,15,36,54,54
40,21,70,19,46,74,74
30,28,64,17,34,51,51
43,21,77,20,58,93,93
51,23,91,34,71,130,130
51,21,92,35,84,142,142
54,16,93,31,95,159,159
38,15,91,24,65,124,124
52,20,82,20,69,127,127
48,16,86,25,76,135,135
37,20,80,20,61,113,113
33,25,68,22,58,110,110
36,26,68,19,57,83,83
41,18,69,23,72,119,119
47,15,84,22,66,124,124
45,21,86,25,68,125,125
42,22,84,22,73,133,133
38,22,82,23,75,131,131
30,29,67,19,53,104,104
35,18,73,17,51,96,96
33,26,68,17,50,91,91
34,21,63,18,50,88,88
44,19,74,19,57,114,114
33,17,71,19,54,90,90
42,10,78,25,66,118,118
34,15,68,15,27,67,67
28,29,65,17,41,73,73
30,28,63,15,37,55,55
37,19,82,22,65,101,101
33,19,75,24,62,103,103
36,21,71,17,60,96,96
32,26,62,14,36,51,51
39,24,73,20,50,82,82
43,20,86,27,72,126,126
44,16,85,26,79,134,134
35,27,78,20,50,82,82
41,26,83,21,58,97,97
39,30,83,23,65,100,100
31,20,80,18,51,89,89
32,25,56,17,48,85,85
27,21,50,16,35,65,65
32,23,66,16,45,82,82
48,14,69,18,41,85,85
37,24,76,19,58,91,91
28,33,65,21,40,58,58
28,28,59,16,41,58,58
31,38,54,16,32,44,44
32,21,62,20,47,76,76
37,19,80,27,66,111,111
45,21,91,28,81,134,134
43,23,92,26,69,124,124
39,33,79,19,59,86,86
39,21,68,19,52,75,75
45,31,84,21,59,89,89
39,31,84,22,58,82,82
36,35,81,20,55,78,78
42,36,81,23,61,88,88
35,35,76,20,57,83,83
33,31,76,18,60,77,77
32,30,66,19,57,71,71
39,27,78,17,55,90,90
26,33,69,17,57,86,86
29,29,55,17,47,66,66
34,12,73,20,51,86,86
39,28,81,20,62,114,114
33,33,83,18,51,93,93
31,33,82,20,59,100,100
32,50,80,18,58,101,101
26,39,70,16,40,63,63
35,38,79,18,81,93,93
28,29,68,20,60,86,86
31,30,73,17,62,110,110
41,38,75,18,54,74,74
28,43,62,15,60,72,72
26,41,60,18,52,61,61
41,33,67,19,50,56,56
22,34,51,15,42,50,50
26,38,47,13,37,52,52
22,38,47,14,21,34,38
22,39,51,14,19,36,39
35,24,57,13,19,38,38
31,25,56,17,21,39,39
28,26,59,14,25,58,58
33,48,68,19,41,67,67
28,47,71,19,38,59,59
31,46,65,19,29,49,49
30,44,62,18,31,44,44
28,49,62,17,36,49,49
22,55,61,14,38,66,66
27,55,61,15,28,50,55
26,38,54,19,27,50,50
30,25,54,19,30,54,54
37,26,74,19,44,71,71
31,42,73,20,43,67,67
36,53,76,20,47,68,68
34,61,78,18,49,72,72
31,51,70,19,60,73,73
31,48,63,16,76,92,92
43,31,76,21,81,114,114
29,37,54,17,61,85,85
49,26,68,18,63,101,101
35,41,68,19,74,103,103
42,33,72,19,77,103,103
25,43,63,15,52,56,56
31,46,63,16,36,51,51
34,58,69,18,47,65,65
32,47,64,19,57,67,67
26,41,54,14,39,47,47
32,50,63,15,44,55,55
32,62,64,19,42,55,62
36,59,74,19,58,73,73
30,39,59,14,62,68,68
27,45,50,16,71,73,73
28,47,62,15,53,75,75
29,36,64,14,57,71,71
24,43,55,13,45,51,51
24,45,46,16,51,61,61
24,43,49,18,40,54,54
27,60,61,18,59,85,85
31,53,60,16,60,92,92
28,61,63,16,62,94,94
29,38,54,16,48,75,75
39,35,58,16,53,82,82
25,44,54,15,35,62,62
40,45,66,18,56,90,90
32,50,57,17,48,68,68
40,56,66,19,51,76,76
41,47,64,15,44,61,61
38,46,63,14,45,64,64
37,60,70,16,49,68,68
26,49,57,11,41,55,55
33,55,66,13,57,82,82
33,53,62,13,52,73,73
43,51,71,14,69,103,103
36,37,70,11,95,125,125
34,41,60,13,63,77,77
41,58,75,13,75,98,98
37,60,64,11,56,75,75
32,41,56,9,70,88,88
26,40,49,8,70,88,88
39,47,65,9,53,78,78
43,52,71,10,45,69,69
31,42,67,9,92,115,115
49,50,62,10,59,88,88
40,50,65,9,42,66,66
41,39,74,10,91,124,124
36,42,70,9,57,75,75
32,49,65,9,66,85,85
40,59,80,11,64,98,98
43,61,76,11,61,81,81
37,60,69,10,55,60,60
28,64,58,9,57,67,67
29,58,53,11,58,74,74
33,66,58,12,51,67,67
32,62,62,12,47,62,62
30,48,58,12,49,60,60
40,58,65,12,52,66,66
45,64,72,12,57,85,85
35,82,64,11,56,73,82
48,70,64,13,59,85,85
51,71,81,12,64,94,94
50,51,74,10,56,74,74
41,49,65,10,62,82,82
43,77,80,8,64,91,91
36,52,51,8,71,81,81
43,42,69,10,52,76,76
37,44,59,9,65,84,84
42,75,82,11,76,100,100
43,62,85,11,73,96,96
57,95,89,11,71,108,108
40,48,77,8,68,79,79
39,51,72,7,60,73,73
34,63,62,6,59,69,69
41,91,89,9,68,90,91
35,66,76,8,69,84,84
31,89,54,7,64,86,89
38,114,67,9,64,94,114
34,128,73,8,60,95,128
46,83,77,8,58,76,83
37,78,63,8,74,93,93
31,70,61,9,86,104,104
34,58,65,9,61,84,84
38,59,78,9,63,86,86
43,82,82,9,72,94,94
38,90,81,8,59,81,90
44,54,67,8,69,81,81
33,52,59,6,68,82,82
43,53,76,9,83,101,101
44,68,81,9,73,99,99
40,38,72,9,73,96,96
34,77,80,9,98,102,102
25,52,59,7,76,89,89
23,64,49,8,49,79,79
26,91,64,11,51,87,91
30,94,72,9,53,80,94
30,86,66,13,53,75,86
30,94,69,11,54,73,94
30,83,73,10,55,71,83
39,91,76,9,58,73,91
44,98,89,9,54,77,98
42,113,84,11,55,79,113
32,99,78,10,59,81,99
44,92,92,11,60,77,92
38,70,76,10,56,67,70
42,50,79,12,60,73,73
38,48,79,8,65,77,77
44,56,79,9,63,79,79
37,61,79,10,59,74,74
37,76,86,12,66,81,81
32,78,82,12,71,84,84
29,108,66,12,61,77,108
30,94,76,10,59,71,94
34,114,78,12,66,87,114
35,99,72,9,65,86,99
38,85,72,10,61,75,85
41,85,81,10,63,78,85
38,88,85,12,67,88,88
43,77,79,12,69,89,89
42,75,85,11,67,80,80
36,105,87,9,72,88,105
22,71,54,8,69,78,78
37,88,69,11,61,79,88
30,56,69,11,63,82,82
50,88,93,14,76,101,101
48,65,87,16,73,98,98
49,62,83,15,73,93,93
46,66,77,12,73,93,93
26,55,67,13,88,98,98
44,62,75,15,78,109,109
35,50,68,17,71,94,94
30,49,66,11,63,79,79
43,68,73,13,65,80,80
45,67,69,12,60,77,77
57,62,87,11,67,81,81
42,86,78,13,66,92,92
38,88,72,14,71,94,94
41,62,68,13,64,82,82
38,52,64,12,62,80,80
40,47,64,13,61,76,76
45,54,72,13,65,82,82
49,87,82,15,70,95,95
54,114,92,13,73,92,114
44,81,79,14,62,82,82
45,62,83,14,69,85,85
42,49,71,15,66,79,79
54,39,66,14,67,82,82
39,47,77,14,65,79,79
43,51,74,15,68,84,84
37,59,73,13,75,94,94
36,72,64,12,79,97,97
41,62,77,14,81,98,98
37,52,71,15,83,94,94
35,36,67,16,74,88,88
45,49,76,16,83,98,98
39,55,85,12,77,87,87
36,76,92,11,69,86,86
42,59,69,14,64,81,81
37,67,88,16,68,91,91
33,51,73,17,70,84,84
38,50,74,17,72,85,85
39,58,85,18,67,83,83
43,70,86,18,68,84,84
49,59,82,18,67,85,85
50,56,85,19,68,86,86
49,46,78,20,71,88,88
51,36,68,18,63,74,74
46,37,69,18,74,89,89
43,44,72,18,75,99,99
44,37,78,17,75,91,91
29,32,54,12,89,79,89
31,43,57,13,67,63,67
29,38,47,13,47,49,49
46,46,70,14,71,83,83
38,33,66,15,66,70,70
28,32,61,15,79,71,79
28,19,53,14,46,70,70
37,22,52,13,54,83,83
38,42,64,15,66,91,91
33,47,72,16,68,85,85
46,37,71,17,69,80,80
50,43,81,18,75,97,97
41,35,68,15,67,82,82
41,40,68,16,66,79,79
44,40,74,15,68,92,92
32,38,54,13,51,54,54
42,37,71,14,73,87,87
36,33,71,13,70,87,87
45,36,71,15,70,81,81
28,27,51,16,80,70,80
38,25,61,17,77,87,87
43,25,62,15,59,77,77
47,33,75,15,56,80,80
49,36,76,18,63,88,88
55,37,81,20,74,106,106
44,29,78,16,73,97,97
55,37,80,18,77,102,102
57,32,85,20,91,114,114
60,41,85,20,86,121,121
59,41,72,17,89,117,117
57,31,73,16,86,120,120
60,29,70,17,90,123,123
46,26,75,18,86,115,115
64,31,81,17,98,112,112
60,25,62,15,98,110,110
32,23,48,12,151,151,151
35,22,61,14,117,130,130
32,23,66,13,97,113,113
42,24,73,15,88,117,117
52,32,81,16,93,126,126
50,32,78,14,81,115,115
49,40,76,14,85,110,110
42,31,56,13,69,92,92
34,28,61,11,65,80,80
45,20,63,14,76,97,97
33,25,62,11,64,85,85
38,27,77,14,67,99,99
42,29,74,14,73,111,111
38,35,67,14,74,113,113
38,29,70,12,67,105,105
41,35,75,14,61,101,101
40,29,73,16,66,104,104
53,28,92,16,71,112,112
40,22,87,19,83,123,123
27,26,57,13,56,78,78
33,25,53,12,52,84,84
24,23,42,10,36,49,49
21,26,38,8,27,37,37
28,23,50,11,51,60,60
35,18,63,13,61,81,81
43,18,82,16,70,104,104
39,15,72,17,64,97,97
50,16,88,20,75,120,120
46,16,76,17,70,111,111
34,17,62,15,55,90,90
37,23,63,14,63,101,101
43,13,79,15,70,118,118
43,15,89,16,83,141,141
37,15,86,19,90,144,144
41,9,82,18,79,123,123
30,19,58,16,57,77,77
41,18,69,12,40,67,67
44,13,79,16,64,114,114
45,14,85,19,74,122,122
41,14,85,16,65,101,101
44,14,76,16,60,95,95
39,15,75,21,66,112,112
40,18,65,18,68,113,113
47,20,82,17,67,112,112
52,14,95,23,87,145,145
55,10,98,19,89,146,146
52,14,99,21,92,151,151
56,13,106,23,105,158,158
81,10,103,27,120,172,172
37,16,101,15,64,115,115
45,26,66,14,55,99,99
51,14,82,19,67,105,105
66,17,93,22,79,115,115
27,25,70,11,54,72,72
29,15,58,13,66,93,93
34,16,63,11,66,87,87
39,13,76,15,71,105,105
47,17,83,15,73,115,115
49,12,100,20,94,141,141
46,13,98,20,98,152,152
35,20,74,19,79,128,128
27,22,50,12,46,65,65
34,17,71,13,54,79,79
42,13,76,16,76,129,129
40,21,72,14,67,119,119
41,9,73,10,56,107,107
39,17,69,13,48,86,86
38,16,72,15,61,107,107
41,13,78,16,60,109,109
36,14,75,20,72,131,131
41,19,82,21,71,131,131
59,20,92,19,74,132,132
36,23,71,14,55,73,73
41,15,81,18,63,101,101
28,27,55,13,55,68,68
26,16,49,15,56,90,90
28,18,54,17,58,104,104
39,23,64,16,59,100,100
31,26,61,18,58,90,90
38,22,69,12,54,83,83
44,18,88,15,68,110,110
45,11,85,25,86,138,138
33,19,76,16,76,113,113
41,25,66,14,76,104,104
33,32,58,16,75,103,103
30,26,51,12,60,81,81
32,12,48,13,30,56,56
30,11,50,18,23,52,52
36,19,66,15,56,114,114
33,21,65,18,66,136,136
47,21,93,18,83,145,145
40,20,89,18,78,139,139
44,25,84,18,72,122,122
48,23,93,22,94,144,144
50,18,97,20,107,158,158
57,14,100,23,127,177,177
50,23,95,23,125,175,175
28,27,82,17,73,115,115
28,22,58,13,65,108,108
28,28,55,14,67,114,114
29,27,60,14,68,109,109
40,34,65,14,71,112,112
45,11,78,15,68,115,115
33,20,57,12,51,87,87
28,27,58,12,38,46,46
40,19,69,15,75,104,104
26,18,49,12,46,69,69
52,8,68,15,69,114,114
40,18,67,11,59,80,80
33,24,52,11,53,73,73
34,30,63,12,51,80,80
41,19,67,11,64,102,102
26,26,54,10,43,79,79
31,28,47,13,41,65,65
27,20,47,11,23,39,39
30,20,51,13,46,65,65
31,25,51,13,45,58,58
38,18,64,14,58,90,90
33,29,67,10,56,82,82
32,30,50,10,42,66,66
27,35,49,12,44,63,63
29,30,50,13,57,67,67
30,26,52,12,64,82,82
38,29,55,14,67,90,90
25,27,45,12,56,72,72
43,29,61,13,80,111,111
36,31,56,13,73,96,96
26,33,43,11,76,88,88
35,34,57,13,74,86,86
30,29,57,15,91,114,114
28,36,51,11,53,59,59
36,31,57,16,77,143,143
41,33,70,15,61,97,97
43,30,54,14,66,87,87
27,37,44,11,53,62,62
30,30,47,11,43,62,62
34,36,69,14,49,73,73
54,41,75,18,56,98,98
40,64,71,14,46,83,83
29,37,48,11,62,73,73
34,45,51,12,31,45,45
33,37,52,12,77,103,103
33,39,49,12,93,131,131
30,36,51,11,64,92,92
26,42,42,10,60,85,85
42,39,62,13,62,87,87
30,36,49,13,81,115,115
39,41,51,16,66,104,104
20,34,34,9,77,109,109
26,43,45,11,45,56,56
30,45,53,14,66,83,83
34,54,61,13,60,85,85
32,39,57,12,39,53,53
22,42,40,13,41,49,49
25,42,49,17,49,71,71
21,55,42,15,49,67,67
29,16,59,12,41,74,74
26,43,54,17,46,79,79
23,47,48,15,41,71,71
20,40,47,12,33,44,44
35,39,59,13,51,67,67
27,31,62,13,58,78,78
21,46,47,11,48,61,61
21,44,47,10,32,51,51
24,23,44,10,33,59,59
26,18,53,9,35,61,61
24,33,56,12,52,107,107
33,43,61,13,48,91,91
37,45,71,12,55,97,97
36,51,68,12,52,75,75
26,33,57,10,77,106,106
26,30,44,9,66,94,94
33,22,76,10,43,73,73
31,43,70,10,47,73,73
23,52,72,6,45,56,56
20,38,55,9,52,64,64
25,36,52,9,52,69,69
25,42,57,10,79,111,111
23,40,58,11,51,72,72
26,40,59,11,39,75,75
30,36,66,6,52,83,83
26,53,60,6,50,71,71
23,44,54,4,52,66,66
23,40,65,3,42,58,58
29,43,74,4,49,74,74
27,42,70,5,65,81,81
31,39,75,5,86,108,108
22,36,57,5,60,83,83
26,26,48,3,30,48,48
21,47,55,3,41,51,51
18,47,62,3,42,50,50
26,38,69,4,78,94,94
19,42,61,4,67,82,82
24,46,60,4,52,65,65
16,51,62,4,46,54,54
14,47,54,4,35,43,47
18,54,64,4,39,54,54
20,81,70,4,44,56,81
19,67,74,5,46,56,67
22,91,78,5,46,59,91
19,76,68,5,52,61,76
21,52,66,5,48,62,62
20,49,50,4,36,41,49
27,47,56,5,57,61,61
13,59,47,5,70,87,87
22,50,60,5,98,118,118
20,71,52,6,67,75,75
26,80,71,5,78,86,86
20,115,75,5,79,74,115
24,53,50,4,73,69,73
17,47,46,4,67,78,78
22,31,61,4,62,79,79
18,44,45,4,52,66,66
26,49,56,4,40,50,50
22,105,71,4,45,59,105
19,48,39,4,55,58,58
21,67,66,5,49,63,67
22,61,56,4,43,48,61
24,122,70,5,42,54,122
20,73,54,5,59,56,73
24,83,68,7,64,68,83
18,85,59,5,62,60,85
18,62,59,5,47,57,62
24,56,69,5,56,64,64
20,80,54,6,51,66,80
28,117,48,7,48,68,117
17,88,58,5,49,64,88
21,83,63,5,43,58,83
31,58,52,6,66,79,79
22,58,61,6,64,77,77
35,98,86,7,62,83,98
28,108,77,6,70,88,108
30,95,84,7,63,83,95
30,87,91,7,68,90,90
30,115,84,8,75,99,115
31,90,73,8,70,93,93
29,60,56,6,60,76,76
25,92,66,9,60,82,92
25,105,80,6,60,84,105
28,82,71,6,54,67,82
28,100,71,7,59,81,100
19,150,62,7,66,83,150
17,133,64,6,68,83,133
20,52,59,5,59,65,65
23,129,74,7,63,85,129
25,117,64,6,57,79,117
26,85,80,6,52,64,85
26,100,82,8,62,78,100
40,70,74,8,63,77,77
26,72,68,8,66,77,77
25,72,75,8,66,82,82
23,70,67,7,67,83,83
27,117,66,8,65,83,117
25,101,64,6,57,74,101
22,56,68,6,59,71,71
25,56,69,7,65,81,81
29,62,73,8,83,98,98
19,62,68,6,74,84,84
21,46,53,6,61,74,74
35,62,64,7,65,76,76
23,58,54,6,57,70,70
25,52,67,7,63,76,76
23,54,85,10,64,76,76
21,48,70,7,80,94,94
25,69,70,7,79,106,106
24,66,64,6,74,89,89
24,59,79,7,64,82,82
15,74,65,5,58,72,74
25,101,80,9,65,80,101
31,101,89,9,63,81,101
31,98,87,8,61,77,98
31,81,78,7,57,68,81
26,61,82,7,57,74,74
18,49,53,6,54,67,67
15,49,50,5,51,58,58
28,43,67,6,56,65,65
28,49,75,6,57,72,72
33,56,66,6,68,82,82
24,61,61,6,68,85,85
21,52,56,5,60,75,75
29,59,55,5,55,63,63
31,80,68,5,60,65,80
31,76,61,7,66,76,76
32,54,55,7,71,83,83
24,65,58,6,68,79,79
30,62,59,8,70,79,79
37,53,63,8,73,80,80
36,58,56,6,64,69,69
33,52,63,7,62,67,67
37,51,83,8,69,78,78
24,102,56,10,134,116,134
24,57,49,10,83,88,88
30,53,55,10,70,78,78
25,65,48,10,61,69,69
23,48,44,9,62,69,69
33,61,57,10,61,71,71
32,72,56,13,66,83,83
26,56,59,10,59,68,68
32,45,62,10,58,66,66
46,57,76,13,66,84,84
45,56,67,11,66,65,66
40,67,63,13,68,63,68
32,60,55,11,60,76,76
20,53,44,10,64,81,81
21,54,44,10,66,81,81
26,56,54,11,61,74,74
29,51,58,11,60,72,72
37,48,63,13,62,80,80
38,55,59,10,61,75,75
35,62,69,10,62,76,76
35,63,76,12,62,74,74
35,41,76,11,71,94,94
41,58,77,14,71,92,92
44,47,86,15,66,80,80
28,33,74,11,79,87,87
28,62,68,11,76,96,96
34,68,69,13,68,88,88
43,67,85,16,70,91,91
47,52,78,14,70,88,88
34,43,75,13,65,79,79
29,50,64,12,90,89,90
18,33,35,12,74,86,86
15,42,35,10,50,65,65
25,42,56,12,40,54,54
27,44,61,14,49,60,60
38,41,68,14,66,88,88
19,45,50,11,54,66,66
33,48,73,12,55,68,68
31,75,80,12,58,75,75
35,42,60,12,46,55,55
27,37,51,10,42,48,48
41,34,61,13,51,60,60
40,52,66,12,61,72,72
39,40,64,14,58,73,73
43,39,70,13,64,74,74
36,35,48,15,73,83,83
40,42,62,10,62,76,76
24,54,49,9,61,69,69
22,26,35,9,29,39,39
24,23,43,11,46,65,65
25,34,43,13,45,60,60
33,28,57,16,63,87,87
25,20,43,19,47,82,82
26,33,59,12,57,76,76
21,35,40,11,54,69,69
22,17,45,16,54,81,81
29,26,52,11,55,82,82
24,29,56,12,58,75,75
25,30,46,13,39,65,65
34,28,50,14,54,80,80
33,31,55,14,56,77,77
33,38,55,11,54,72,72
38,28,68,17,64,81,81
33,29,57,12,57,81,81
31,24,59,12,58,90,90
32,27,62,10,55,69,69
21,25,45,10,57,65,65
49,25,51,13,71,84,84
23,22,44,10,30,45,45
20,26,43,11,44,50,50
26,15,40,10,45,69,69
22,19,44,11,53,81,81
27,29,62,10,49,77,77
31,26,50,12,48,61,61
20,28,47,11,44,57,57
22,31,46,13,40,50,50
26,23,52,13,44,55,55
33,22,57,13,51,62,62
41,20,63,16,59,76,76
23,21,51,9,34,59,59
27,17,52,12,42,69,69
26,22,61,13,47,84,84
32,25,72,13,52,92,92
31,27,57,10,58,105,105
32,19,52,10,40,79,79
28,13,53,10,23,47,47
23,13,49,11,33,64,64
19,27,40,7,26,54,54
26,15,44,8,44,85,85
42,10,73,11,51,98,98
44,17,81,14,55,84,84
43,23,77,13,65,111,111
38,23,76,13,70,111,111
39,24,77,15,72,120,120
41,19,72,15,67,102,102
34,22,50,9,46,66,66
20,16,48,10,30,52,52
24,13,48,8,32,54,54
20,11,36,8,28,56,56
26,17,51,9,33,51,51
39,18,73,13,56,87,87
40,14,84,14,66,110,110
38,16,76,12,80,134,134
26,22,59,12,64,103,103
29,21,63,12,61,92,92
43,22,80,13,65,98,98
43,19,88,14,80,126,126
39,23,81,15,90,139,139
39,21,78,15,92,140,140
24,18,63,8,52,79,79
22,25,56,9,33,40,40
27,19,65,9,41,52,52
26,21,67,10,42,57,57
30,21,60,11,51,73,73
46,17,86,13,68,97,97
50,15,84,15,60,77,77
55,19,82,16,62,102,102
41,20,70,12,56,80,80
36,16,78,14,73,96,96
45,20,93,18,78,116,116
25,21,75,19,68,103,103
37,13,72,11,40,63,63
34,17,67,15,69,109,109
23,21,56,11,42,69,69
25,24,50,11,43,68,68
31,13,59,11,52,79,79
33,18,67,12,57,90,90
28,22,69,16,61,98,98
47,18,91,14,63,93,93
55,14,86,18,87,127,127
31,12,77,13,73,107,107
27,21,65,9,38,50,50
32,24,57,10,36,46,46
37,18,74,22,64,91,91
29,21,73,13,56,81,81
40,20,77,14,56,74,74
33,9,88,16,70,113,113
39,12,70,12,37,73,73
41,21,77,13,58,89,89
32,16,78,17,78,126,126
38,20,80,16,73,118,118
29,26,72,10,74,79,79
30,23,72,14,77,97,97
24,27,61,12,58,64,64
30,19,57,13,48,59,59
34,21,60,14,59,81,81
41,21,83,15,69,100,100
34,10,76,16,67,105,105
40,17,71,17,65,109,109
40,30,79,13,50,62,62
25,21,65,16,53,72,72
26,23,50,10,27,42,42
26,34,55,10,49,56,56
33,17,69,15,61,88,88
35,17,77,18,75,124,124
39,21,76,17,71,112,112
37,20,84,17,74,107,107
35,25,71,17,79,128,128
38,24,66,14,72,108,108
31,22,73,13,69,86,86
40,24,76,14,100,115,115
26,20,71,13,87,107,107
34,20,64,12,52,66,66
29,26,69,11,33,42,42
40,22,76,14,62,84,84
21,26,90,6,56,73,73
33,34,73,12,47,46,47
27,22,69,11,47,50,50
30,21,62,11,42,56,56
27,24,65,12,40,50,50
33,28,81,15,58,82,82
41,22,84,16,70,99,99
40,18,84,21,90,136,136
39,22,81,20,85,139,139
31,24,76,14,56,96,96
26,30,61,11,39,61,61
27,18,61,11,26,47,47
30,22,73,14,43,54,54
33,26,77,12,60,87,87
33,28,75,19,63,116,116
21,33,63,7,45,64,64
21,32,54,10,27,33,33
25,30,70,12,34,45,45
22,29,58,12,38,54,54
25,25,64,13,44,61,61
26,27,70,14,55,80,80
26,29,67,15,52,73,73
32,34,73,12,44,64,64
28,30,71,12,44,61,61
20,32,61,14,49,76,76
28,27,67,18,54,90,90
32,31,65,15,57,71,71
28,26,60,12,52,77,77
25,31,58,10,35,47,47
22,27,58,12,37,49,49
24,25,64,14,39,56,56
29,23,70,15,49,67,67
23,34,65,14,43,58,58
29,31,75,16,52,73,73
26,36,71,16,51,68,68
21,36,64,13,41,60,60
19,38,48,11,32,37,38
25,27,69,16,54,83,83
27,35,80,21,59,91,91
33,34,88,16,61,93,93
29,40,85,17,55,82,82
39,36,92,18,61,79,79
18,36,67,12,51,57,57
30,36,72,12,44,58,58
35,33,71,13,68,81,81
21,32,59,15,38,54,54
28,31,70,13,36,51,51
23,36,63,12,55,98,98
21,32,52,12,27,45,45
19,32,47,10,21,37,37
22,36,67,12,37,63,63
15,37,54,12,24,37,37
13,33,41,10,28,42,42
22,19,55,10,21,38,38
32,26,57,11,20,33,33
16,36,53,10,17,26,36
17,34,46,10,21,36,36
15,37,45,10,18,31,37
18,34,48,11,26,38,38
19,32,41,10,21,31,32
25,33,43,11,31,40,40
22,35,48,10,22,31,35
23,35,52,12,30,36,36
28,41,56,11,43,54,54
24,42,63,11,49,59,59
25,33,50,11,37,42,42
25,29,61,12,35,48,48
20,30,60,10,35,44,44
20,38,59,9,36,49,49
28,39,62,11,44,54,54
23,37,56,10,44,53,53
24,43,59,10,30,41,43
22,36,66,10,36,44,44
28,44,67,11,36,45,45
28,34,64,12,55,61,61
26,34,68,12,58,68,68
24,36,55,12,68,79,79
21,35,59,10,48,64,64
32,39,70,11,42,57,57
21,39,52,10,36,43,43
21,52,67,11,36,43,52
21,35,61,11,41,51,51
19,30,53,11,36,49,49
17,33,59,12,37,54,54
19,39,63,13,41,54,54
21,43,67,12,34,51,51
22,47,73,12,38,52,52
22,39,68,11,42,55,55
29,51,71,12,53,71,71
29,43,65,11,38,54,54
34,68,87,14,54,80,80
26,55,66,12,69,91,91
27,36,54,11,73,87,87
24,38,66,9,59,75,75
28,44,77,13,64,83,83
26,50,72,10,42,52,52
18,42,61,8,68,77,77
21,42,64,10,52,61,61
12,44,51,4,55,59,59
22,42,60,8,48,55,55
26,40,68,10,46,54,54
25,43,71,9,35,44,44
20,47,60,9,44,47,47
19,54,66,9,46,49,54
17,52,56,8,40,42,52
19,51,55,6,41,46,51
22,67,59,9,39,45,67
23,58,77,11,48,53,58
20,72,62,9,52,64,72
21,50,72,10,61,72,72
14,46,63,8,52,68,68
15,48,62,9,36,55,55
28,97,85,11,52,87,97
26,67,56,10,54,75,75
23,53,66,9,66,79,79
26,35,58,9,57,70,70
27,49,69,9,58,76,76
23,62,73,10,54,68,68
19,51,56,11,55,67,67
14,69,50,11,52,57,69
16,77,58,9,44,55,77
17,79,65,11,47,62,79
27,108,90,11,53,71,108
26,111,102,11,50,70,111
28,104,91,9,46,63,104
20,92,65,8,35,53,92
23,78,73,9,42,58,78
22,61,76,9,45,64,64
19,83,77,9,51,66,83
21,65,63,10,65,79,79
20,114,67,11,71,94,114
19,112,72,11,61,78,112
22,70,70,10,51,64,70
28,56,75,10,50,68,68
20,102,70,9,53,72,102
28,69,77,8,51,68,69
32,64,94,11,56,73,73
35,70,83,10,56,74,74
35,120,96,12,62,88,120
27,96,74,10,70,90,96
34,65,73,10,63,85,85
31,70,77,9,72,92,92
32,119,98,12,77,107,119
33,106,87,10,67,89,106
31,56,79,9,60,79,79
29,73,80,11,61,83,83
30,114,82,12,65,88,114
28,64,69,10,56,76,76
33,92,78,10,56,78,92
36,110,92,12,69,105,110
36,160,105,11,75,113,160
23,127,73,8,94,103,127
22,82,80,13,75,97,97
27,104,67,11,82,102,104
43,134,98,11,75,107,134
36,131,88,10,70,102,131
28,65,80,10,75,95,95
27,75,79,10,77,98,98
33,113,93,14,74,98,113
24,126,82,12,78,96,126
21,66,76,10,75,92,92
23,84,60,10,66,82,84
34,74,86,10,65,86,86
38,122,94,9,66,90,122
37,110,93,11,73,97,110
25,60,70,9,67,81,81
18,37,58,8,62,73,73
24,42,67,9,59,73,73
40,51,74,11,57,74,74
34,74,87,12,55,71,74
32,80,83,12,62,78,80
23,48,74,9,60,72,72
23,39,73,9,53,64,64
25,78,83,12,53,70,78
36,76,92,12,60,79,79
36,84,93,14,60,84,84
33,77,75,16,61,82,82
20,39,60,10,56,66,66
28,45,76,11,74,90,90
31,85,91,11,60,81,85
33,97,94,11,60,74,97
35,149,100,11,64,85,149
37,140,96,11,59,80,140
23,50,78,9,60,66,66
29,57,85,9,77,91,91
35,125,98,11,74,94,125
36,139,102,12,83,106,139
29,101,86,11,79,93,101
32,76,74,11,77,99,99
26,55,62,10,73,87,87
25,67,65,9,66,79,79
35,56,78,12,74,90,90
26,82,83,9,77,86,86
25,99,79,10,59,76,99
21,77,65,11,61,69,77
22,79,80,9,65,77,79
37,88,89,11,62,79,88
34,88,80,10,51,63,88
34,59,90,13,53,63,63
37,58,88,12,55,66,66
38,83,87,13,60,80,83
37,94,88,11,62,80,94
29,95,92,10,62,81,95
33,75,82,10,58,71,75
31,56,75,10,53,67,67
35,62,91,11,57,72,72
34,79,87,13,64,80,80
37,56,88,13,63,83,83
35,46,81,13,61,75,75
28,50,84,11,76,83,83
25,74,79,12,64,80,80
25,71,68,7,54,70,71
21,42,64,10,56,64,64
25,43,68,12,58,75,75
39,49,88,12,65,84,84
22,57,65,9,75,84,84
32,43,68,14,57,74,74
31,51,71,12,55,75,75
33,53,75,11,53,70,70
37,43,76,10,63,78,78
25,58,58,8,84,77,84
20,48,50,10,53,54,54
24,39,51,11,44,51,51
22,39,53,8,57,62,62
24,37,55,13,57,58,58
24,40,61,10,55,58,58
28,41,71,11,58,66,66
34,40,76,12,60,68,68
32,41,73,11,59,66,66
40,39,82,14,65,81,81
45,43,85,14,69,91,91
41,43,84,12,67,89,89
41,55,95,12,66,90,90
42,28,82,12,75,100,100
36,23,67,12,137,121,137
42,31,80,15,88,104,104
46,29,77,13,68,85,85
48,29,81,11,58,69,69
51,25,77,15,77,100,100
39,42,91,13,70,92,92
35,30,86,13,88,94,94
37,25,84,16,86,111,111
30,31,73,13,69,82,82
42,38,90,17,71,98,98
29,42,68,16,70,85,85
41,36,88,17,70,99,99
29,44,71,13,64,84,84
29,34,75,13,57,76,76
39,27,75,18,68,80,80
37,26,69,15,78,90,90
42,28,78,16,64,86,86
35,26,80,17,67,87,87
40,30,68,13,62,79,79
39,31,68,16,60,78,78
38,29,71,17,71,85,85
25,16,54,14,69,72,72
27,26,61,15,64,73,73
34,35,75,14,65,82,82
37,33,76,14,65,81,81
35,35,74,14,64,78,78
34,39,66,13,57,70,70
38,37,79,15,63,87,87
21,19,69,12,60,83,83
23,28,54,12,49,73,73
30,7,56,9,37,67,67
30,9,67,10,53,97,97
22,23,62,9,43,84,84
24,14,46,10,47,93,93
28,11,59,10,48,84,84
20,21,45,11,43,80,80
22,13,46,9,30,54,54
43,22,72,14,54,89,89
33,20,70,11,44,68,68
24,20,57,11,46,76,76
32,26,60,13,48,86,86
40,24,81,15,59,88,88
32,17,62,13,53,73,73
33,17,63,15,59,88,88
35,18,76,18,74,122,122
34,25,71,17,72,123,123
33,27,75,15,74,125,125
36,29,80,15,64,109,109
37,20,87,18,67,101,101
39,21,85,15,73,111,111
52,19,98,18,82,133,133
58,17,100,17,82,131,131
45,16,91,22,95,144,144
29,17,82,17,79,134,134
16,21,44,9,51,57,57
26,8,52,10,36,69,69
21,11,53,9,43,77,77
26,4,54,15,53,108,108
27,6,57,12,42,84,84
33,5,77,11,49,90,90
33,13,70,14,56,97,97
24,12,53,15,57,111,111
27,8,58,15,63,112,112
21,7,50,15,56,108,108
21,8,58,14,60,106,106
29,10,68,16,71,129,129
29,9,76,25,89,150,150
23,8,80,15,91,156,156
33,11,73,18,76,143,143
32,16,76,16,54,95,95
40,10,81,22,74,136,136
30,5,89,19,74,139,139
28,5,68,6,36,69,69
34,10,71,14,56,95,95
37,9,80,16,68,123,123
23,13,59,13,43,78,78
24,15,57,10,38,71,71
33,14,58,11,29,55,55
32,16,74,14,39,66,66
36,12,73,15,58,94,94
29,10,67,16,44,76,76
33,11,65,15,58,106,106
32,10,72,14,61,122,122
38,8,82,23,79,145,145
40,9,91,12,92,157,157
28,12,81,20,88,153,153
28,8,68,13,44,82,82
39,9,81,16,54,95,95
48,9,94,16,63,109,109
40,9,99,17,64,112,112
49,8,95,27,79,139,139
48,9,95,30,85,147,147
46,9,100,20,80,141,141
59,10,108,27,93,148,148
46,10,103,28,96,156,156
54,11,96,20,78,130,130
28,19,96,18,62,110,110
29,14,70,11,45,61,61
32,14,82,14,62,80,80
31,13,76,21,59,86,86
31,8,68,16,60,102,102
23,8,69,13,54,89,89
34,12,73,20,55,95,95
23,14,61,21,57,103,103
20,15,56,10,36,69,69
26,17,67,12,42,69,69
32,14,82,16,57,100,100
34,11,83,21,63,108,108
25,12,76,15,61,108,108
27,16,72,8,42,67,67
31,15,69,15,54,94,94
25,11,62,14,45,71,71
34,8,77,23,60,93,93
23,8,67,21,57,99,99
32,10,76,17,63,107,107
32,12,77,19,59,103,103
25,9,66,21,64,119,119
27,10,56,12,43,79,79
28,5,60,10,52,107,107
28,5,66,10,40,87,87
33,8,82,15,64,118,118
21,10,58,18,63,115,115
24,15,56,12,36,68,68
22,13,56,11,44,71,71
31,18,73,18,62,94,94
26,14,70,19,55,86,86
38,13,86,16,77,118,118
32,16,82,17,67,107,107
36,14,92,24,79,133,133
33,10,93,25,84,147,147
27,18,69,18,62,93,93
37,16,74,17,55,74,74
19,27,43,14,41,45,45
28,20,62,13,40,62,62
41,14,95,19,64,102,102
20,23,85,16,42,63,63
30,21,62,18,43,63,63
35,19,74,17,52,70,70
35,24,72,15,59,73,73
17,28,46,12,51,60,60
17,26,41,9,69,67,69
20,22,42,8,27,44,44
24,25,49,11,32,52,52
25,22,54,15,46,65,65
24,18,64,15,45,64,64
24,29,51,10,43,51,51
22,19,53,14,59,55,59
22,13,63,17,63,74,74
38,11,82,16,71,109,109
32,18,82,21,81,121,121
26,12,59,14,59,80,80
32,7,62,11,41,81,81
31,23,74,13,51,89,89
33,26,73,14,56,98,98
36,30,77,11,58,79,79
22,20,58,11,50,80,80
26,9,49,8,12,30,30
27,10,64,11,44,71,71
36,19,80,15,74,116,116
34,29,85,17,69,121,121
29,31,86,21,81,136,136
19,29,62,14,59,82,82
18,30,43,8,24,43,43
29,21,70,13,42,61,61
29,24,75,14,49,81,81
31,35,75,24,64,108,108
29,44,85,13,58,100,100
19,23,55,16,45,60,60
25,28,63,15,51,70,70
28,26,71,14,50,72,72
31,26,73,13,48,66,66
35,32,94,25,69,110,110
28,31,79,14,59,86,86
19,45,63,18,52,73,73
21,25,58,11,59,63,63
23,31,58,13,56,80,80
20,35,57,9,42,64,64
19,34,51,12,49,73,73
19,27,41,19,53,68,68
24,34,51,10,40,62,62
22,40,47,8,26,44,47
14,39,34,8,32,50,50
16,30,34,13,23,48,48
19,27,39,8,17,37,39
19,31,39,16,26,57,57
17,37,38,17,32,70,70
16,33,37,15,25,49,49
22,38,49,13,36,61,61
15,39,36,11,32,49,49
24,24,45,9,27,58,58
14,41,28,6,15,32,41
18,39,38,11,17,36,39
18,38,34,12,24,49,49
27,36,51,11,62,84,84
23,41,49,10,47,66,66
15,35,38,8,27,48,48
22,36,47,14,30,46,47
25,35,71,18,51,77,77
25,20,47,9,20,48,48
19,24,39,8,20,48,48
23,11,42,9,16,44,44
23,11,43,9,29,67,67
27,27,63,11,37,63,63
17,41,55,10,25,43,55
17,35,44,17,34,56,56
20,40,56,15,44,74,74
23,42,62,16,46,78,78
23,50,64,12,41,64,64
26,49,63,15,29,48,63
22,46,64,17,31,59,64
25,51,72,11,41,67,72
23,77,72,19,45,72,77
28,45,69,14,45,62,69
24,37,53,18,57,74,74
22,32,49,14,42,64,64
31,38,66,18,65,79,79
22,32,54,18,62,81,81
24,17,51,10,52,74,74
22,38,59,13,35,52,59
22,35,58,11,30,51,58
17,40,46,12,36,55,55
25,34,55,14,33,56,56
29,40,64,12,37,58,64
17,36,49,10,37,53,53
30,32,70,15,45,69,70
28,39,62,14,47,61,62
24,43,60,15,76,88,88
17,34,45,10,79,89,89
14,39,36,7,28,43,43
25,48,60,12,37,57,60
17,84,65,14,43,60,84
17,41,50,13,84,91,91
17,41,49,9,57,64,64
19,34,49,13,45,52,52
23,40,63,22,41,59,63
19,55,50,20,42,58,58
23,83,65,16,44,68,83
29,56,71,26,55,79,79
21,74,56,21,57,80,80
28,63,74,24,72,98,98
16,44,45,12,47,70,70
23,31,61,17,44,78,78
32,149,95,17,65,130,149
26,150,85,19,57,90,150
22,46,62,17,53,75,75
14,59,47,12,53,70,70
19,49,58,15,55,73,73
21,51,57,15,65,85,85
18,56,61,16,53,73,73
18,64,59,17,47,68,68
26,59,75,13,47,66,75
26,54,71,14,57,75,75
33,43,84,22,52,75,84
32,48,83,26,43,61,83
24,40,64,17,65,88,88
19,55,48,12,57,76,76
28,55,64,12,49,70,70
25,43,70,12,46,64,70
18,47,60,14,62,73,73
18,79,67,17,59,74,79
22,105,84,21,70,88,105
22,47,74,17,53,73,74
18,58,70,14,49,67,70
23,92,76,20,48,64,92
31,62,84,16,52,74,84
31,79,88,19,53,77,88
25,104,87,19,55,80,104
24,113,84,15,63,82,113
20,86,60,20,57,76,86
18,111,78,19,61,82,111
30,63,71,19,60,81,81
30,56,78,18,61,80,80
22,68,80,16,61,73,80
19,57,68,14,59,72,72
18,84,63,14,58,76,84
29,135,97,30,63,101,135
33,141,94,21,63,95,141
32,113,97,15,70,98,113
22,132,66,11,72,88,132
20,110,80,19,71,94,110
24,53,63,18,70,91,91
22,85,67,16,72,92,92
28,149,96,28,67,104,149
21,97,73,14,66,90,97
27,116,82,13,89,115,116
26,105,81,15,80,106,106
20,139,81,24,78,113,139
17,69,60,17,61,86,86
21,77,79,25,57,84,84
24,119,89,18,55,82,119
25,115,90,14,55,83,115
23,131,72,12,58,90,131
24,133,69,17,56,82,133
18,54,58,19,59,78,78
18,48,58,14,50,76,76
16,73,62,13,60,72,73
19,119,82,14,52,76,119
20,122,69,14,50,77,122
19,122,65,17,51,77,122
26,129,79,18,46,76,129
26,161,96,19,49,77,161
31,142,100,24,54,82,142
28,114,95,23,53,77,114
29,151,95,17,53,78,151
30,103,92,14,47,69,103
24,118,87,14,58,80,118
17,88,66,10,56,77,88
24,104,83,14,58,84,104
28,110,85,15,48,74,110
24,81,92,17,52,74,92
30,90,92,16,56,81,92
33,80,96,17,58,83,96
20,129,64,11,69,83,129
15,87,53,14,43,63,87
22,67,65,15,50,70,70
29,81,93,17,55,81,93
20,121,70,12,56,74,121
19,81,63,13,56,72,81
23,44,71,14,70,81,81
18,76,57,10,62,73,76
18,113,60,13,58,70,113
20,106,70,18,55,72,106
30,66,81,19,57,74,81
35,102,89,25,64,82,102
29,108,89,26,65,85,108
34,76,87,19,70,91,91
35,128,89,17,68,91,128
32,126,84,15,67,89,126
21,115,70,13,77,86,115
26,96,85,16,72,91,96
19,72,67,18,67,79,79
25,46,70,26,59,74,74
33,46,75,24,65,83,83
32,75,88,33,60,84,88
31,67,72,28,63,81,81
29,98,91,27,61,82,98
23,50,73,14,80,82,82
18,42,65,25,78,78,78
21,42,67,40,59,71,71
22,65,81,53,55,75,81
27,56,75,42,51,73,75
32,72,85,50,50,73,85
27,114,77,70,54,79,114
22,87,70,66,50,74,87
20,68,71,70,54,76,76
27,60,85,76,55,81,85
33,65,87,30,58,85,87
31,69,83,28,51,75,83
29,45,73,22,45,63,73
32,40,81,19,53,76,81
38,60,94,26,59,79,94
23,82,79,19,62,80,82
35,79,88,23,68,97,97
33,48,81,20,68,97,97
26,73,79,35,71,104,104
28,55,72,28,63,86,86
27,70,75,23,57,79,79
25,62,78,21,61,85,85
31,43,72,19,62,81,81
25,69,81,24,64,90,90
34,51,79,32,61,87,87
33,42,69,30,56,84,84
33,42,73,29,55,80,80
32,102,81,28,63,89,102
31,40,71,21,60,84,84
32,37,74,25,64,93,93
28,47,74,30,64,92,92
29,33,61,17,61,81,81
39,34,66,21,62,82,82
37,36,74,30,62,83,83
41,41,87,25,68,100,100
23,34,60,20,68,93,93
21,32,43,22,76,81,81
17,29,48,20,51,67,67
24,26,57,25,53,71,71
38,35,75,26,63,88,88
33,57,63,23,64,88,88
19,27,52,20,61,77,77
19,27,52,16,67,78,78
25,26,52,16,39,60,60
18,28,54,17,48,67,67
20,22,48,19,41,66,66
19,25,54,14,31,62,62
28,13,51,12,32,63,63
30,23,70,18,58,110,110
33,55,84,21,64,115,115
37,54,90,23,67,118,118
37,57,93,26,70,120,120
45,53,91,22,69,115,115
42,55,93,27,69,123,123
36,72,97,31,67,126,126
35,69,95,29,62,105,105
39,55,83,24,59,89,89
45,54,91,22,62,95,95
42,54,95,27,65,104,104
39,55,90,30,65,98,98
39,55,83,20,63,101,101
34,56,85,28,63,101,101
37,54,81,24,63,96,96
37,66,93,28,69,113,113
40,55,94,31,68,107,107
34,54,94,29,74,110,110
44,53,80,34,63,91,91
40,56,70,23,60,87,87
44,55,85,20,62,98,98
43,60,99,27,73,124,124
53,55,95,31,65,107,107
49,54,96,36,80,135,135
39,61,97,30,75,125,125
38,24,86,23,65,97,97
35,23,71,18,63,90,90
38,20,77,22,61,91,91
21,25,71,26,56,80,80
31,14,46,21,45,68,68
32,14,67,21,66,98,98
32,13,76,16,49,99,99
26,8,65,13,42,81,81
20,8,48,14,37,76,76
20,8,46,11,22,54,54
22,12,50,15,39,82,82
24,14,49,17,43,80,80
22,11,53,20,43,76,76
29,10,63,20,53,104,104
23,12,56,26,45,89,89
21,15,50,22,35,69,69
25,14,50,19,30,69,69
26,6,49,13,27,75,75
24,5,50,45,43,87,87
24,6,51,52,55,108,108
21,8,53,34,56,115,115
24,10,53,45,68,131,131
25,8,57,47,68,123,123
35,9,55,42,49,82,82
24,5,55,36,47,79,79
30,6,59,15,25,62,62
37,9,75,28,60,108,108
42,11,87,42,83,143,143
27,8,96,43,81,146,146
28,5,59,33,58,119,119
30,12,57,60,60,114,114
23,18,56,45,49,96,96
24,9,50,13,21,60,60
33,8,60,18,35,76,76
35,7,70,29,62,114,114
35,9,75,30,72,133,133
33,7,70,31,68,127,127
30,11,60,24,54,98,98
32,9,65,39,66,121,121
31,8,59,52,75,134,134
26,10,58,44,72,134,134
25,10,70,35,75,136,136
37,5,74,38,67,134,134
31,6,78,46,75,144,144
23,10,67,42,62,126,126
32,8,64,22,54,108,108
30,11,60,39,53,101,101
29,13,68,36,64,124,124
31,9,75,41,78,146,146
29,8,68,53,64,131,131
20,15,66,23,39,82,82
30,14,66,16,29,53,66
39,9,89,44,68,119,119
43,8,91,63,73,139,139
44,7,93,48,76,145,145
43,7,98,65,102,167,167
54,7,103,40,102,168,168
42,9,97,60,90,160,160
46,11,98,38,83,158,158
51,8,103,85,87,158,158
42,9,103,38,86,151,151
29,9,71,33,57,91,91
31,11,69,25,67,115,115
37,10,88,32,82,144,144
33,9,85,36,87,151,151
34,13,84,29,79,149,149
42,11,93,29,86,153,153
51,10,104,38,102,166,166
46,8,103,53,107,169,169
43,8,100,43,115,174,174
42,10,98,43,112,169,169
30,12,88,30,93,152,152
47,13,88,24,72,119,119
30,18,77,21,62,93,93
32,17,76,19,58,91,91
20,62,55,15,45,65,65
29,21,72,49,48,68,72
24,17,60,32,51,78,78
24,16,45,13,29,52,52
23,16,50,24,46,64,64
30,16,73,21,51,76,76
38,12,87,27,70,109,109
39,10,95,46,88,150,150
40,9,93,35,83,141,141
46,12,95,66,84,139,139
32,11,81,55,87,145,145
23,13,85,53,60,107,107
23,21,58,21,34,53,58
32,13,72,26,40,62,72
37,18,78,25,55,88,88
42,19,94,29,73,131,131
37,21,94,33,77,136,136
31,50,86,22,71,124,124
22,19,66,15,49,81,81
27,16,60,14,34,66,66
39,6,81,17,56,112,112
42,17,96,27,73,122,122
43,13,96,31,66,99,99
33,18,74,27,56,85,85
27,53,57,23,44,72,72
37,23,71,22,47,72,72
44,22,84,23,59,92,92
39,22,84,28,58,90,90
39,51,88,31,61,100,100
25,52,78,30,60,92,92
23,22,68,21,51,67,68
23,33,51,12,31,51,51
24,28,59,14,30,55,59
25,25,60,19,37,57,60
26,24,62,16,39,60,62
22,27,56,21,41,60,60
24,24,55,25,43,60,60
25,16,55,16,55,69,69
19,22,42,11,72,76,76
27,24,65,20,64,82,82
30,28,77,27,73,117,117
31,27,84,30,70,113,113
27,30,66,23,59,90,90
27,26,62,18,52,73,73
19,30,49,16,41,64,64
19,51,55,18,44,67,67
22,32,56,16,30,54,56
30,25,71,33,50,76,76
29,24,67,29,53,76,76
25,53,70,21,54,81,81
18,33,45,24,39,63,63
25,26,51,24,57,83,83
26,18,45,13,50,76,76
23,13,41,9,18,49,49
27,16,55,17,52,90,90
24,52,68,24,71,134,134
28,16,78,30,80,141,141
27,50,81,33,94,153,153
26,20,51,14,84,119,119
22,27,53,16,65,87,87
15,31,37,9,26,43,43
20,37,48,11,27,43,48
25,36,53,13,28,48,53
19,53,47,11,53,73,73
21,88,41,11,69,89,89
29,54,50,16,86,112,112
15,61,31,11,100,123,123
21,57,50,13,83,96,96
14,54,25,8,74,82,82
19,50,47,12,35,49,50
20,52,51,20,50,62,62
23,37,54,14,44,55,55
22,29,58,20,52,68,68
30,22,68,25,59,81,81
24,55,51,15,60,76,76
17,51,47,12,47,56,56
26,54,60,17,43,60,60
23,52,63,16,45,61,63
27,27,57,18,73,94,94
30,52,70,23,78,108,108
25,57,68,28,78,112,112
26,53,62,15,68,92,92
18,53,48,23,72,91,91
19,58,49,15,57,77,77
22,81,56,13,56,72,81
21,52,56,14,63,77,77
20,37,52,14,60,78,78
20,77,52,18,42,60,77
19,54,53,18,43,61,61
21,61,77,24,59,80,80
26,62,78,18,52,68,78
27,60,65,21,66,85,85
31,63,78,23,66,91,91
21,56,58,24,64,87,87
19,56,55,14,67,82,82
21,57,58,21,66,88,88
19,52,52,17,51,70,70
21,56,65,17,55,76,76
19,56,58,13,59,78,78
17,57,52,12,68,87,87
17,55,51,11,56,77,77
20,55,51,12,46,63,63
25,81,77,14,46,69,81
19,66,47,13,46,64,66
20,53,49,13,43,62,62
18,56,48,13,37,59,59
20,59,62,21,40,66,66
22,57,64,15,43,64,64
19,54,49,11,45,66,66
17,53,56,13,42,65,65
19,58,63,16,50,75,75
24,57,74,16,47,69,74
16,63,52,15,47,68,68
19,55,52,12,46,69,69
18,61,51,12,57,77,77
14,88,44,9,49,69,88
19,58,56,13,39,65,65
20,57,61,15,40,58,61
23,58,66,14,43,62,66
23,62,77,15,54,67,77
29,57,65,18,61,75,75
24,60,57,19,54,67,67
27,55,71,17,48,65,71
27,61,64,15,43,58,64
27,56,69,19,47,59,69
20,58,69,16,68,84,84
21,55,61,18,62,82,82
19,38,56,14,57,74,74
17,53,53,11,55,75,75
21,72,65,14,44,67,72
27,99,79,16,44,68,99
26,57,73,14,41,65,73
32,80,83,20,49,67,83
26,59,78,14,45,58,78
28,56,85,17,49,61,85
30,55,76,18,57,75,76
29,102,87,17,59,80,102
21,60,54,14,42,59,60
20,52,60,15,57,71,71
23,56,66,16,60,73,73
27,61,75,19,61,66,75
28,103,87,20,55,69,103
28,89,88,19,59,73,89
26,78,67,17,55,69,78
34,80,82,25,52,68,82
32,137,95,23,69,95,137
27,105,90,19,65,81,105
24,91,80,13,70,83,91
30,120,93,22,67,94,120
17,97,69,28,61,82,97
34,111,80,16,66,92,111
22,75,68,16,61,76,76
18,56,62,16,60,69,69
27,56,67,15,61,81,81
30,83,76,17,65,86,86
29,101,90,16,59,77,101
29,107,88,16,55,72,107
27,92,82,19,54,75,92
25,100,80,18,54,76,100
25,92,75,14,56,73,92
20,98,72,11,56,73,98
24,71,73,15,54,70,73
22,57,63,15,54,70,70
19,98,64,19,60,82,98
19,88,57,15,55,80,88
26,65,71,16,56,80,80
28,75,77,22,62,93,93
31,68,88,18,60,86,88
40,64,94,16,63,90,94
36,98,99,17,66,99,99
34,123,89,27,65,97,123
28,162,83,14,88,113,162
23,128,67,13,104,116,128
27,73,72,17,124,138,138
32,144,96,16,93,124,144
26,131,86,16,94,122,131
23,94,64,13,100,121,121
21,77,63,14,96,111,111
19,90,55,12,109,111,111
20,88,57,17,76,95,95
23,101,66,17,57,86,101
18,91,63,16,54,80,91
31,67,68,19,47,79,79
28,132,88,18,50,76,132
32,116,89,18,46,72,116
31,91,82,17,50,76,91
36,105,81,18,55,84,105
29,71,65,20,60,85,85
32,76,74,20,63,86,86
30,142,79,16,57,79,142
26,66,68,16,58,77,77
22,63,52,14,94,98,98
19,63,39,14,58,70,70
19,56,56,15,53,70,70
20,63,53,14,49,71,71
19,76,53,13,59,73,76
19,75,52,17,63,80,80
23,69,65,20,49,70,70
24,81,64,19,50,73,81
22,114,72,21,50,70,114
23,114,72,20,44,71,114
31,59,63,16,51,67,67
27,59,67,15,48,66,67
25,64,72,14,51,66,72
29,69,85,15,55,74,85
26,63,85,17,56,76,85
38,75,87,20,54,74,87
27,69,74,16,60,78,78
27,75,68,21,62,87,87
23,72,56,25,60,84,84
26,66,66,25,56,73,73
26,75,59,22,58,80,80
21,114,59,24,53,76,114
29,79,64,18,52,71,79
27,72,72,20,57,76,76
26,63,73,17,58,75,75
25,63,75,17,57,79,79
21,68,74,17,56,79,79
29,109,82,17,56,78,109
33,58,76,17,56,77,77
35,58,79,20,60,82,82
22,99,74,17,59,77,99
27,80,70,21,66,85,85
31,84,82,18,63,83,84
32,104,90,20,65,85,104
35,67,93,16,65,82,93
34,66,74,19,57,75,75
38,70,80,17,60,83,83
37,58,74,16,79,93,93
31,73,88,16,77,98,98
36,65,71,16,96,119,119
28,56,62,15,68,82,82
32,55,72,19,71,87,87
28,62,61,20,65,79,79
30,60,56,18,74,90,90
33,59,61,18,69,84,84
33,57,72,18,70,86,86
35,54,72,16,66,81,81
33,55,68,15,59,76,76
35,54,72,15,60,77,77
31,56,75,19,58,71,75
34,57,77,18,61,76,77
38,62,85,19,63,78,85
31,62,79,18,68,84,84
36,60,80,20,65,84,84
36,59,82,22,70,93,93
36,57,84,26,72,96,96
42,59,76,19,70,90,90
37,55,68,20,84,113,113
41,60,84,22,68,93,93
29,53,71,18,67,74,74
27,60,56,13,130,122,130
31,55,67,18,101,112,112
38,53,82,19,92,112,112
36,59,80,18,84,109,109
36,66,86,21,83,110,110
27,56,65,16,74,94,94
29,55,60,23,67,85,85
30,55,68,20,68,84,84
34,53,69,17,68,88,88
30,56,73,20,66,83,83
23,54,67,16,62,77,77
24,26,50,14,76,85,85
24,25,50,15,59,67,67
26,23,59,19,60,73,73
25,53,60,22,56,70,70
34,54,77,22,64,86,86
40,58,84,26,72,105,105
54,56,95,22,73,105,105
33,57,75,22,70,88,88
44,57,84,29,64,87,87
43,53,76,25,69,88,88
41,25,75,21,66,88,88
28,26,68,18,65,79,79
44,22,75,25,65,91,91
25,24,52,26,59,70,70
25,23,50,57,54,69,69
29,23,59,84,51,72,84
36,20,67,49,59,80,80
27,29,65,27,53,72,72
44,22,87,57,67,108,108
27,54,73,20,74,86,86
32,18,62,44,65,82,82
36,18,66,79,64,93,93
24,20,65,71,56,82,82
44,18,79,22,56,97,97
39,14,90,74,62,111,111
49,19,93,50,80,134,134
45,56,96,40,83,136,136
31,13,76,32,58,84,84
21,15,40,24,26,53,53
29,7,45,12,21,54,54
25,12,46,11,26,56,56
32,13,63,15,47,80,80
40,16,87,23,68,124,124
44,18,93,20,72,127,127
41,16,91,33,78,140,140
20,27,62,19,46,82,82
31,21,61,14,30,63,63
42,11,79,24,63,114,114
45,11,91,47,84,145,145
43,13,90,37,75,132,132
27,8,74,20,56,91,91
22,8,47,23,48,74,74
34,11,64,24,68,118,118
40,16,83,28,73,135,135
36,13,80,29,82,150,150
56,6,93,33,97,165,165
43,9,91,38,75,137,137
41,13,91,51,61,110,110
44,14,95,33,65,115,115
42,12,89,55,74,132,132
35,20,77,31,59,110,110
38,16,82,23,57,92,92
50,11,100,48,83,144,144
47,12,102,43,92,158,158
49,13,107,31,90,151,151
57,10,105,53,106,163,163
19,19,58,14,39,64,64
31,14,74,16,40,73,74
44,10,102,29,73,128,128
40,59,100,59,88,157,157
48,7,99,24,80,145,145
46,10,98,36,75,135,135
44,12,94,49,79,140,140
38,12,91,51,85,148,148
37,19,83,20,53,82,83
45,12,98,34,71,118,118
51,66,107,52,87,147,147
40,10,99,45,87,148,148
39,12,93,43,84,148,148
34,10,79,28,68,121,121
36,12,81,36,70,125,125
27,11,82,53,68,125,125
35,7,87,16,45,102,102
45,10,101,22,69,125,125
27,9,86,33,58,105,105
23,20,60,16,63,75,75
26,20,62,17,42,59,62
25,18,62,22,38,62,62
28,16,65,22,44,79,79
32,20,75,19,37,64,75
39,11,93,28,62,105,105
39,9,94,35,74,135,135
37,9,94,39,78,136,136
46,7,105,32,82,144,144
34,11,89,44,72,133,133
39,11,89,29,71,134,134
29,9,89,77,67,125,125
28,7,64,18,52,108,108
29,11,64,27,43,78,78
33,15,73,23,49,80,80
27,16,63,18,38,62,63
42,12,90,29,62,113,113
44,12,91,33,69,132,132
52,9,101,53,85,149,149
43,11,93,44,76,134,134
33,9,87,31,81,146,146
34,9,92,37,80,142,142
43,15,81,34,53,90,90
37,11,84,36,61,111,111
21,11,60,19,39,72,72
19,22,59,15,29,56,59
21,19,57,16,29,61,61
19,21,54,12,27,54,54
39,16,93,33,54,85,93
35,12,89,31,65,111,111
14,24,61,20,40,66,66
33,17,74,42,39,71,74
38,10,90,50,66,123,123
47,10,102,58,82,144,144
58,10,111,53,90,148,148
35,11,105,52,93,143,143
23,13,80,28,73,105,105
28,27,67,22,30,62,67
29,22,73,21,49,73,73
26,18,74,39,70,93,93
25,20,68,23,41,63,68
31,15,85,28,57,91,91
40,7,92,20,63,131,131
44,16,106,28,70,133,133
33,12,105,30,76,138,138
35,19,95,27,70,127,127
19,25,55,23,27,51,55
21,23,59,29,34,61,61
26,21,70,31,42,71,71
35,18,86,35,55,88,88
40,18,91,31,54,87,91
30,16,78,26,57,95,95
29,17,68,19,47,90,90
35,16,86,21,64,125,125
32,23,86,39,69,118,118
31,24,70,25,55,86,86
28,52,74,38,59,101,101
23,24,73,28,57,102,102
27,24,68,17,57,99,99
33,28,80,20,60,103,103
21,22,64,17,45,82,82
23,18,63,14,40,76,76
29,24,76,17,56,91,91
27,23,75,28,54,97,97
32,22,81,28,54,88,88
33,22,70,23,50,79,79
28,21,70,19,50,79,79
20,51,59,15,45,65,65
27,26,65,20,47,74,74
31,31,74,22,55,89,89
37,41,85,26,58,95,95
36,23,77,24,64,84,84
26,25,73,39,54,80,80
18,38,53,12,116,115,116
18,34,37,11,45,51,51
21,27,55,14,47,64,64
28,10,61,12,38,76,76
34,19,81,19,66,103,103
31,17,90,28,63,97,97
31,19,68,13,66,95,95
24,23,60,15,55,78,78
24,23,59,16,58,70,70
35,31,75,18,79,102,102
27,30,75,19,82,105,105
25,29,63,25,105,146,146
23,30,51,16,61,71,71
27,26,65,24,48,68,68
26,32,66,21,44,73,73
23,38,64,13,39,59,64
21,36,61,12,53,72,72
21,32,57,19,62,85,85
26,23,56,13,44,66,66
24,32,59,16,49,77,77
23,30,51,14,60,75,75
15,49,46,10,28,48,49
18,41,50,9,32,49,50
17,50,52,10,32,52,52
21,42,50,12,37,60,60
28,36,65,14,43,67,67
31,42,72,17,44,67,72
26,41,54,14,56,71,71
31,38,65,19,60,84,84
39,62,77,25,67,102,102
37,49,72,28,65,93,93
35,33,71,17,60,79,79
26,32,66,15,56,73,73
28,33,57,18,62,82,82
19,35,45,15,190,161,190
38,28,64,18,332,196,332
19,25,70,15,121,150,150
25,31,58,19,84,100,100
36,32,63,21,74,101,101
31,31,57,20,91,124,124
35,28,62,18,76,101,101
26,34,55,14,72,97,97
24,30,55,11,53,75,75
23,26,58,13,53,79,79
21,38,59,14,44,64,64
28,38,63,34,46,69,69
39,34,85,56,63,96,96
25,65,87,17,80,120,120
20,34,52,11,67,95,95
25,52,60,14,63,87,87
24,56,71,16,59,81,81
20,36,58,13,59,76,76
25,27,54,12,87,124,124
23,33,62,13,62,88,88
20,37,57,14,70,105,105
23,58,68,15,58,96,96
23,33,57,14,46,79,79
22,42,60,16,48,85,85
15,41,48,16,51,73,73
18,32,43,14,69,98,98
17,55,52,14,52,83,83
19,37,58,16,60,89,89
16,36,44,12,63,92,92
22,39,58,17,87,124,124
19,28,57,17,148,156,156
16,34,49,19,95,116,116
23,39,60,19,44,69,69
27,40,66,15,59,83,83
17,52,60,20,87,106,106
18,47,44,13,57,72,72
19,41,51,14,49,66,66
30,55,79,16,46,72,79
36,97,93,18,57,90,97
22,48,64,16,163,159,163
20,47,59,17,123,145,145
25,45,64,19,85,114,114
30,58,71,18,61,89,89
25,54,72,23,79,100,100
20,36,56,15,101,117,117
33,62,88,19,94,123,123
24,53,66,18,125,142,142
18,39,50,19,435,229,435
23,44,60,14,119,147,147
20,44,53,14,69,94,94
31,81,87,20,59,95,95
28,55,74,20,51,72,74
23,67,76,16,48,73,76
24,82,81,15,55,80,82
25,74,78,15,50,75,78
32,58,61,17,54,65,65
29,70,63,26,55,77,77
21,117,58,20,53,72,117
28,134,74,23,62,85,134
20,74,72,20,61,80,80
22,56,52,13,62,79,79
22,60,56,18,88,100,100
25,61,73,19,68,91,91
36,73,72,19,62,80,80
23,59,57,16,72,87,87
25,93,70,17,78,109,109
28,107,86,17,70,99,107
25,62,76,17,72,96,96
24,49,75,17,78,111,111
28,57,73,19,65,88,88
23,93,63,22,66,93,93
29,112,86,30,67,102,112
30,81,93,19,66,94,94
31,115,94,19,68,99,115
23,92,73,20,70,93,93
24,75,64,13,62,79,79
24,66,74,19,83,115,115
28,73,77,17,102,144,144
29,101,82,17,92,132,132
30,102,89,30,69,97,102
36,54,89,26,92,134,134
35,127,94,31,82,121,127
40,101,93,30,90,130,130
37,99,90,25,121,140,140
38,136,85,30,106,134,136
36,81,78,27,105,132,132
32,97,87,31,174,150,174
23,75,59,14,261,163,261
23,63,59,28,113,123,123
24,77,54,27,95,116,116
23,59,54,36,81,101,101
27,48,60,27,82,105,105
38,89,79,25,89,123,123
33,131,87,22,86,121,131
35,117,82,29,73,103,117
36,81,73,30,71,102,102
30,86,68,31,67,92,92
35,109,86,48,62,88,109
33,144,85,32,62,89,144
35,162,81,27,63,92,162
31,145,91,37,62,87,145
35,113,83,25,63,88,113
33,121,82,33,61,84,121
33,107,82,31,64,90,107
33,115,86,27,69,93,115
40,161,93,21,75,102,161
36,110,82,20,74,95,110
26,111,77,18,107,118,118
25,75,58,14,143,142,143
26,76,59,14,96,107,107
34,105,85,17,92,116,116
27,59,55,15,131,151,151
19,53,41,23,75,113,113
22,105,50,12,46,81,105
27,136,68,18,48,70,136
23,87,56,16,53,73,87
28,77,58,17,52,76,77
28,167,69,17,59,88,167
25,109,82,10,56,77,109
32,100,87,15,61,75,100
32,122,62,19,53,79,122
33,89,61,19,70,90,90
39,124,67,16,45,69,124
36,124,70,15,85,100,124
25,142,56,13,81,97,142
26,114,56,18,59,82,114
28,144,59,18,54,78,144
34,99,68,19,49,70,99
33,127,82,23,57,80,127
37,123,75,24,55,82,123
38,130,84,24,59,84,130
38,129,81,31,57,82,129
31,138,79,23,58,82,138
30,146,76,21,59,85,146
34,143,78,21,54,78,143
27,104,73,19,64,83,104
33,104,79,23,63,89,104
29,111,64,29,65,88,111
29,73,62,24,77,99,99
32,83,68,24,68,88,88
35,83,59,22,63,80,83
33,90,82,21,62,73,90
34,90,71,32,58,79,90
34,90,77,24,58,80,90
35,69,73,18,55,75,75
38,88,78,20,57,80,88
37,94,80,20,58,79,94
37,135,81,22,57,84,135
39,120,83,23,54,80,120
35,68,71,22,61,78,78
41,87,83,26,62,84,87
35,114,84,24,61,89,114
42,71,79,20,57,78,79
39,47,71,18,61,81,81
39,49,64,19,60,81,81
45,59,68,21,72,98,98
27,88,60,18,75,93,93
30,63,61,19,61,84,84
33,52,58,22,59,79,79
40,55,75,28,62,82,82
43,52,75,19,74,103,103
25,63,55,19,75,101,101
31,60,60,22,56,81,81
33,82,79,17,59,82,82
37,70,75,25,60,87,87
47,75,75,34,63,88,88
27,44,65,24,59,82,82
22,41,72,21,58,77,77
35,51,63,14,87,88,88
33,56,85,16,76,99,99
35,62,87,21,70,95,95
25,57,69,14,205,124,205
29,36,59,13,81,100,100
32,36,61,16,81,98,98
43,28,72,18,65,85,85
41,43,71,18,62,84,84
44,70,82,17,69,89,89
23,41,75,14,91,102,102
28,38,66,16,66,84,84
42,37,83,19,70,86,86
55,59,85,19,70,88,88
39,42,72,16,67,78,78
38,45,79,16,71,91,91
30,53,74,16,70,82,82
31,36,63,15,72,85,85
37,33,72,20,63,77,77
48,39,73,29,69,95,95
48,38,74,22,74,102,102
35,36,79,17,74,94,94
35,33,67,19,67,80,80
45,35,76,21,64,82,82
39,31,74,21,80,101,101
35,22,69,17,67,86,86
43,22,84,19,72,92,92
25,23,75,18,96,98,98
33,27,69,15,71,89,89
34,28,69,21,75,98,98
52,25,89,23,73,103,103
29,22,56,17,85,91,91
32,15,75,23,76,91,91
13,29,58,15,61,79,79
26,17,54,14,64,83,83
36,22,69,20,68,98,98
37,22,82,20,74,104,104
26,35,76,18,64,95,95
25,17,59,16,68,88,88
38,19,80,16,73,105,105
25,17,58,13,56,82,82
21,16,61,12,91,104,104
32,14,58,13,68,99,99
30,19,61,15,63,94,94
28,23,74,18,57,92,92
39,20,80,19,59,87,87
32,22,52,21,52,76,76
26,20,46,24,57,81,81
24,15,42,22,44,67,67
39,15,57,19,64,99,99
52,14,75,17,71,130,130
47,19,71,17,70,129,129
31,9,73,17,71,125,125
44,14,90,19,69,116,116
48,19,79,21,63,107,107
39,16,72,19,69,116,116
26,18,61,22,61,98,98
32,13,55,14,45,94,94
37,17,73,18,52,100,100
54,12,75,25,79,143,143
47,14,76,29,79,136,136
48,22,75,22,75,136,136
52,19,84,20,78,141,141
45,10,101,18,93,158,158
45,16,101,23,96,162,162
37,24,74,25,72,130,130
47,17,68,17,57,96,96
35,23,66,16,45,70,70
44,11,66,24,70,110,110
48,14,69,26,75,128,128
37,11,66,22,65,103,103
36,10,59,25,71,121,121
26,10,45,20,48,79,79
26,12,49,21,47,80,80
30,6,39,13,29,70,70
27,7,38,15,36,76,76
31,7,44,18,60,102,102
34,7,56,28,76,141,141
31,7,64,33,84,155,155
32,8,63,32,83,153,153
32,11,57,28,69,130,130
31,11,58,31,70,136,136
27,11,55,64,74,142,142
52,6,78,76,109,171,171
56,6,78,101,113,172,172
46,8,73,69,95,159,159
49,9,78,48,93,159,159
30,12,71,40,72,136,136
38,9,76,31,77,141,141
48,11,76,34,76,137,137
35,15,64,46,75,138,138
31,16,42,31,43,76,76
40,12,49,46,57,94,94
24,19,41,28,39,67,67
38,6,48,21,33,83,83
48,8,69,28,63,128,128
37,13,64,32,64,120,120
31,17,57,22,63,115,115
34,16,66,39,66,121,121
40,12,70,48,87,154,154
41,17,65,33,88,159,159
43,12,76,36,103,169,169
48,13,83,73,114,176,176
52,13,87,46,102,167,167
49,11,85,41,105,169,169
32,12,70,31,94,160,160
30,7,60,13,68,146,146
41,11,56,22,80,159,159
34,14,54,22,55,93,93
34,14,53,26,54,94,94
26,16,48,22,48,79,79
28,7,38,28,56,106,106
22,10,36,20,43,99,99
21,10,35,16,35,69,69
26,12,38,18,42,75,75
26,9,53,25,56,99,99
45,7,82,24,61,133,133
51,11,85,38,102,171,171
47,7,85,36,103,173,173
44,13,79,37,90,152,152
47,13,75,32,89,154,154
41,17,70,35,88,153,153
32,17,69,36,82,145,145
33,17,65,48,82,146,146
35,14,64,52,85,157,157
36,14,67,55,89,160,160
30,15,60,46,92,162,162
28,18,56,33,75,143,143
33,15,60,30,70,142,142
36,13,85,42,81,144,144
23,12,72,37,62,104,104
18,14,56,19,41,86,86
28,6,54,11,22,62,62
25,19,64,22,57,75,75
17,26,53,18,49,65,65
17,25,45,13,36,47,47
27,22,68,14,53,80,80
26,17,64,15,54,75,75
19,23,59,19,54,70,70
23,19,50,15,47,64,64
18,21,50,15,35,57,57
18,14,41,9,22,51,51
21,21,49,23,43,78,78
17,19,48,13,36,66,66
24,8,68,16,30,79,79
42,12,89,40,93,165,165
25,9,75,28,80,153,153
39,9,64,19,69,145,145
16,26,49,21,49,67,67
38,19,71,33,69,96,96
35,22,74,47,72,98,98
25,20,64,29,59,68,68
42,16,82,30,69,85,85
20,24,53,19,56,62,62
22,23,62,36,63,74,74
32,26,62,19,64,85,85
30,25,47,21,59,76,76
31,18,55,20,72,102,102
32,26,70,20,71,108,108
31,26,66,28,65,97,97
32,29,66,26,70,101,101
27,33,78,29,70,108,108
37,35,72,24,73,106,106
31,29,70,22,61,83,83
31,15,60,19,65,96,96
28,29,74,23,67,83,83
37,25,59,20,63,90,90
40,7,59,13,56,78,78
19,7,63,12,48,79,79
29,8,51,12,44,66,66
27,18,60,14,48,72,72
34,29,72,18,63,105,105
35,41,72,18,62,105,105
21,21,57,15,45,71,71
23,32,58,14,61,121,121
19,22,46,11,38,65,65
26,24,66,14,37,59,66
18,30,47,9,32,59,59
32,29,63,12,56,75,75
24,37,62,13,44,60,62
23,39,49,12,32,49,49
17,35,34,9,24,42,42
17,13,42,7,21,49,49
14,38,46,16,33,65,65
29,38,54,27,47,95,95
22,66,64,56,55,112,112
12,41,43,14,29,55,55
14,32,50,30,28,53,53
17,31,51,17,31,55,55
21,38,52,10,31,56,56
29,38,52,14,40,49,52
11,39,37,9,38,40,40
11,48,34,7,35,42,48
18,40,53,9,47,67,67
26,39,52,12,38,61,61
22,37,60,13,42,55,60
36,34,63,18,50,65,65
21,35,49,15,57,69,69
19,45,59,15,45,61,61
17,26,52,11,74,79,79
33,26,53,14,74,90,90
25,29,57,17,78,92,92
28,33,56,15,69,87,87
18,47,48,11,38,60,60
28,36,51,14,46,59,59
18,41,45,10,24,44,45
34,41,59,16,46,73,73
21,48,67,14,48,65,67
23,59,73,20,59,81,81
30,43,58,17,59,75,75
26,62,76,15,64,79,79
24,63,70,15,57,73,73
15,89,52,12,56,65,89
21,36,41,11,60,70,70
22,36,46,14,57,62,62
21,39,58,15,55,70,70
14,42,48,9,46,63,63
21,56,54,15,50,63,63
21,59,58,18,55,74,74
18,87,60,12,48,62,87
20,56,67,13,45,60,67
12,54,50,10,50,60,60
30,30,49,13,48,60,60
21,40,66,11,45,56,66
15,40,48,7,43,48,48
14,37,46,7,45,48,48
22,41,57,16,43,61,61
29,59,79,19,54,78,79
30,57,80,15,50,67,80
24,37,58,16,64,82,82
19,49,46,15,67,93,93
28,42,65,12,60,77,77
35,78,81,16,56,83,83
22,112,70,15,48,73,112
17,48,61,10,62,68,68
14,36,44,8,110,110,110
13,39,44,7,82,79,82
17,40,44,11,57,61,61
29,43,68,15,55,74,74
24,49,64,17,66,84,84
20,68,65,14,58,80,80
11,44,50,10,74,75,75
17,61,58,9,50,71,71
29,52,59,13,64,94,94
24,40,65,11,68,93,93
32,95,76,13,65,96,96
16,41,49,11,72,90,90
12,76,47,8,48,67,76
19,55,47,12,67,84,84
29,83,75,15,85,110,110
27,73,81,11,73,92,92
15,45,63,10,63,79,79
21,28,53,12,64,78,78
25,68,51,11,58,84,84
21,86,61,10,49,70,86
22,93,59,12,54,78,93
32,115,60,17,66,92,115
13,118,44,14,58,76,118
17,58,57,10,52,75,75
21,69,44,14,53,73,73
14,72,51,10,74,78,78
23,65,57,13,37,67,67
26,98,86,13,48,66,98
24,67,71,11,58,74,74
31,72,71,15,71,99,99
19,61,59,12,66,90,90
29,60,66,12,68,85,85
33,84,64,13,65,83,84
24,101,62,9,59,77,101
23,71,63,12,52,71,71
66,89,67,17,59,82,89
37,107,70,15,76,102,107
39,138,73,17,68,94,138
31,68,61,13,57,74,74
44,154,75,18,69,95,154
26,108,74,10,89,96,108
26,61,53,11,126,115,126
30,66,59,15,97,113,113
37,98,62,18,83,113,113
49,103,70,21,81,112,112
37,141,70,15,85,108,141
46,146,72,16,69,98,146
35,123,62,15,66,93,123
29,78,55,14,83,96,96
33,142,61,17,78,107,142
35,88,57,16,92,121,121
28,84,54,18,81,106,106
15,62,51,15,80,85,85
18,67,56,18,61,73,73
29,70,46,14,56,77,77
26,78,58,11,58,71,78
34,69,54,15,58,74,74
35,71,65,21,66,91,91
39,94,67,20,83,104,104
25,92,71,16,93,98,98
23,63,66,15,88,100,100
20,67,58,12,85,99,99
28,64,77,12,96,109,109
26,121,79,13,121,118,121
17,103,58,10,142,116,142
21,94,71,10,107,98,107
30,92,71,15,131,143,143
17,89,54,12,103,126,126
23,50,78,15,73,89,89
26,57,70,16,76,93,93
19,48,69,19,66,74,74
19,41,67,13,73,82,82
23,40,58,12,100,103,103
32,82,79,13,88,98,98
28,152,86,18,68,86,152
19,90,68,15,68,87,90
14,106,72,24,68,81,106
21,58,59,16,69,81,81
27,54,59,15,72,84,84
29,59,70,14,60,69,70
20,49,60,9,64,67,67
21,48,55,10,65,74,74
24,57,63,13,63,70,70
23,37,51,18,64,74,74
17,54,64,14,67,76,76
23,62,61,11,69,82,82
18,69,69,12,58,77,77
26,162,86,19,58,89,162
31,121,94,15,63,88,121
23,138,81,15,58,80,138
29,110,73,29,63,80,110
19,116,81,42,61,80,116
27,140,78,33,63,83,140
28,153,81,18,65,81,153
35,119,84,20,73,91,119
29,98,88,19,62,78,98
32,92,93,16,59,75,93
34,57,76,24,61,79,79
20,59,68,20,89,99,99
24,96,73,15,67,87,96
38,79,84,18,72,94,94
34,95,85,19,72,97,97
40,90,82,21,70,92,92
28,64,80,12,67,79,80
21,98,59,12,165,126,165
22,64,47,25,83,91,91
34,61,55,24,70,85,85
31,76,60,20,78,94,94
27,54,54,14,95,101,101
28,101,55,16,69,89,101
37,91,62,19,71,92,92
31,99,68,20,68,85,99
43,61,66,18,63,79,79
41,46,61,20,63,78,78
45,57,65,19,67,92,92
32,91,65,19,66,91,91
37,73,57,17,67,87,87
40,75,65,21,69,93,93
40,38,57,23,72,84,84
37,46,49,22,131,119,131
49,57,63,24,91,114,114
48,47,60,22,73,98,98
44,31,52,25,75,92,92
31,49,51,18,145,140,145
27,51,43,15,96,105,105
35,56,54,19,83,102,102
31,62,60,19,71,87,87
31,41,53,18,78,87,87
30,48,57,20,79,87,87
33,45,52,27,72,88,88
36,44,51,22,66,85,85
32,50,52,27,60,77,77
28,43,52,33,63,78,78
29,38,48,18,59,70,70
31,32,51,21,58,71,71
26,29,46,26,58,71,71
37,35,49,21,58,83,83
36,41,49,17,60,80,80
36,35,52,19,56,73,73
34,36,60,18,59,71,71
43,29,61,23,63,78,78
28,25,43,15,65,80,80
27,27,52,14,64,77,77
23,22,42,11,49,64,64
23,32,40,12,51,56,56
35,33,51,21,52,66,66
41,41,59,20,63,87,87
37,30,56,21,60,78,78
50,38,74,23,65,92,92
36,23,56,16,59,80,80
32,25,43,14,59,73,73
27,14,40,15,52,82,82
41,16,56,17,67,109,109
29,24,48,19,61,79,79
48,25,66,21,79,117,117
27,17,57,14,56,81,81
30,25,48,15,55,74,74
36,27,51,21,58,76,76
44,29,49,18,57,79,79
33,27,48,17,59,83,83
43,26,61,20,70,93,93
36,24,50,20,72,93,93
36,24,54,21,72,89,89
45,26,57,19,73,97,97
37,19,57,18,72,99,99
45,21,52,19,62,87,87
43,26,64,18,64,94,94
49,20,64,20,67,90,90
45,21,65,29,61,80,80
36,27,65,22,87,96,96
48,13,67,22,72,97,97
36,15,46,18,111,124,124
26,20,50,14,77,104,104
31,21,46,14,64,115,115
37,9,55,15,67,114,114
37,16,62,16,67,120,120
43,21,67,17,60,94,94
37,23,68,18,67,107,107
39,24,57,16,67,105,105
45,22,58,21,66,101,101
40,23,68,19,67,104,104
39,23,66,26,74,114,114
49,23,78,23,75,112,112
53,19,80,33,95,145,145
54,33,79,44,100,151,151
42,18,74,32,96,143,143
45,19,55,17,61,87,87
33,23,53,17,59,74,74
41,19,61,20,53,78,78
31,23,59,18,51,68,68
28,15,52,15,45,65,65
24,23,43,11,26,45,45
46,13,65,18,60,93,93
45,9,70,27,78,130,130
50,15,79,33,80,135,135
58,10,91,33,98,147,147
64,11,96,42,104,151,151
46,17,66,21,71,97,97
36,15,60,16,45,73,73
44,14,70,19,63,96,96
56,17,83,24,76,127,127
58,12,89,29,91,146,146
